config_id,basin_en,basin_cn,season,block_count,correlation_method,deseason_method,lag_days,observed_correlation,bootstrap_correlation_median,bootstrap_correlation_ci025,bootstrap_correlation_ci975,bootstrap_reps
main_month_median_spearman,Changjiang,昌江,All,14,spearman,month_median,0,0.2313658001,0.2305284142,0.1984742284,0.2671914101,2000
main_month_median_spearman,Changjiang,昌江,All,14,spearman,month_median,1,0.3540256081,0.3540233374,0.3273054361,0.3822681606,2000
main_month_median_spearman,Changjiang,昌江,All,14,spearman,month_median,2,0.3856155712,0.3853254914,0.3578171432,0.4153502584,2000
main_month_median_spearman,Changjiang,昌江,All,14,spearman,month_median,3,0.3535790915,0.3532144129,0.3237884939,0.386135757,2000
main_month_median_spearman,Changjiang,昌江,All,14,spearman,month_median,4,0.3130158419,0.312469542,0.2829549015,0.3438523412,2000
main_month_median_spearman,Changjiang,昌江,All,14,spearman,month_median,5,0.2709216259,0.2698742151,0.2403176129,0.3040295541,2000
main_month_median_spearman,Changjiang,昌江,All,14,spearman,month_median,6,0.2287369342,0.2280554175,0.1917350739,0.2737599611,2000
main_month_median_spearman,Changjiang,昌江,All,14,spearman,month_median,7,0.2111327405,0.2107362002,0.1691558808,0.2585849762,2000
main_month_median_spearman,Changjiang,昌江,All,14,spearman,month_median,8,0.2011358694,0.2013323903,0.1542794704,0.2494367659,2000
main_month_median_spearman,Changjiang,昌江,All,14,spearman,month_median,9,0.1899315909,0.1902705878,0.1422709674,0.2356265187,2000
main_month_median_spearman,Changjiang,昌江,All,14,spearman,month_median,10,0.1695147441,0.1702100039,0.1241196617,0.2135837823,2000
main_month_median_spearman,Changjiang,昌江,All,14,spearman,month_median,11,0.1544517043,0.154055655,0.1131724343,0.19539617,2000
main_month_median_spearman,Changjiang,昌江,All,14,spearman,month_median,12,0.1289965262,0.1279689968,0.08840017021,0.1710387915,2000
main_month_median_spearman,Changjiang,昌江,All,14,spearman,month_median,13,0.1120721605,0.1106106564,0.06613050401,0.1589632928,2000
main_month_median_spearman,Changjiang,昌江,All,14,spearman,month_median,14,0.094571923,0.09342299402,0.04646802321,0.1435839236,2000
main_month_median_spearman,Changjiang,昌江,All,14,spearman,month_median,15,0.08521951523,0.08494849503,0.03731924668,0.133129999,2000
main_month_median_spearman,Fuhe,抚河,All,14,spearman,month_median,0,0.1782632447,0.1770531386,0.1375609785,0.2138946056,2000
main_month_median_spearman,Fuhe,抚河,All,14,spearman,month_median,1,0.3409428499,0.3414703012,0.3064593673,0.3785105944,2000
main_month_median_spearman,Fuhe,抚河,All,14,spearman,month_median,2,0.422212631,0.4239289165,0.3932849765,0.4555467665,2000
main_month_median_spearman,Fuhe,抚河,All,14,spearman,month_median,3,0.3974247893,0.3988926709,0.3696335852,0.4251686931,2000
main_month_median_spearman,Fuhe,抚河,All,14,spearman,month_median,4,0.3385984647,0.3396350741,0.3102426827,0.3665082157,2000
main_month_median_spearman,Fuhe,抚河,All,14,spearman,month_median,5,0.2830597248,0.2831828296,0.2539096475,0.3113844097,2000
main_month_median_spearman,Fuhe,抚河,All,14,spearman,month_median,6,0.2472629679,0.2469380498,0.2216656059,0.2736423314,2000
main_month_median_spearman,Fuhe,抚河,All,14,spearman,month_median,7,0.2136122201,0.212731421,0.1884305477,0.2371035516,2000
main_month_median_spearman,Fuhe,抚河,All,14,spearman,month_median,8,0.1936276836,0.1932432353,0.1582390666,0.2246426642,2000
main_month_median_spearman,Fuhe,抚河,All,14,spearman,month_median,9,0.1836485933,0.1836856306,0.1355578601,0.225382328,2000
main_month_median_spearman,Fuhe,抚河,All,14,spearman,month_median,10,0.1641743555,0.1638068706,0.1113687083,0.2081620097,2000
main_month_median_spearman,Fuhe,抚河,All,14,spearman,month_median,11,0.1447439212,0.1446397305,0.09826000035,0.1818772405,2000
main_month_median_spearman,Fuhe,抚河,All,14,spearman,month_median,12,0.1269757778,0.1270583272,0.07931064814,0.1640533656,2000
main_month_median_spearman,Fuhe,抚河,All,14,spearman,month_median,13,0.1140022517,0.1137143523,0.06575593352,0.150916636,2000
main_month_median_spearman,Fuhe,抚河,All,14,spearman,month_median,14,0.1066429467,0.1056088507,0.06588663161,0.1411808431,2000
main_month_median_spearman,Fuhe,抚河,All,14,spearman,month_median,15,0.102896607,0.1017361954,0.0670652017,0.1325178444,2000
main_month_median_spearman,Ganjiang,赣江,All,14,spearman,month_median,0,0.1272655496,0.1250659823,0.07724749297,0.1697702706,2000
main_month_median_spearman,Ganjiang,赣江,All,14,spearman,month_median,1,0.1977284978,0.1969129741,0.1504467577,0.2387377322,2000
main_month_median_spearman,Ganjiang,赣江,All,14,spearman,month_median,2,0.2673972475,0.2669175267,0.2276218832,0.3050301075,2000
main_month_median_spearman,Ganjiang,赣江,All,14,spearman,month_median,3,0.3180368161,0.3181873262,0.2889025807,0.3468536139,2000
main_month_median_spearman,Ganjiang,赣江,All,14,spearman,month_median,4,0.3415416306,0.3419151306,0.3172252476,0.3678005636,2000
main_month_median_spearman,Ganjiang,赣江,All,14,spearman,month_median,5,0.341247842,0.3411408067,0.3143415749,0.3668388724,2000
main_month_median_spearman,Ganjiang,赣江,All,14,spearman,month_median,6,0.3291467251,0.328946054,0.2999997437,0.3577629924,2000
main_month_median_spearman,Ganjiang,赣江,All,14,spearman,month_median,7,0.3000421844,0.2997223139,0.2738592029,0.3280439675,2000
main_month_median_spearman,Ganjiang,赣江,All,14,spearman,month_median,8,0.2732700329,0.2730234265,0.2435545027,0.3045046926,2000
main_month_median_spearman,Ganjiang,赣江,All,14,spearman,month_median,9,0.2493068326,0.2486261725,0.209592253,0.2900014818,2000
main_month_median_spearman,Ganjiang,赣江,All,14,spearman,month_median,10,0.222635185,0.2217876315,0.1721925884,0.2709676921,2000
main_month_median_spearman,Ganjiang,赣江,All,14,spearman,month_median,11,0.1928619946,0.1919825375,0.138575688,0.2412011474,2000
main_month_median_spearman,Ganjiang,赣江,All,14,spearman,month_median,12,0.1732526309,0.1727902889,0.1137073562,0.225722596,2000
main_month_median_spearman,Ganjiang,赣江,All,14,spearman,month_median,13,0.1634319321,0.1626849025,0.1048981547,0.2155879736,2000
main_month_median_spearman,Ganjiang,赣江,All,14,spearman,month_median,14,0.1564605513,0.1560944915,0.1030471846,0.2038452774,2000
main_month_median_spearman,Ganjiang,赣江,All,14,spearman,month_median,15,0.1528336717,0.1518109292,0.1040221974,0.196043998,2000
main_month_median_spearman,Le'anhe,乐安河,All,14,spearman,month_median,0,0.1411757676,0.1400879323,0.1048863977,0.1755423844,2000
main_month_median_spearman,Le'anhe,乐安河,All,14,spearman,month_median,1,0.2858630567,0.2870820761,0.2113815844,0.3479831815,2000
main_month_median_spearman,Le'anhe,乐安河,All,14,spearman,month_median,2,0.3327987219,0.3344149292,0.2426914275,0.4109877944,2000
main_month_median_spearman,Le'anhe,乐安河,All,14,spearman,month_median,3,0.2960952495,0.2975731492,0.2076737434,0.3748503923,2000
main_month_median_spearman,Le'anhe,乐安河,All,14,spearman,month_median,4,0.2583756518,0.2591314614,0.175276041,0.3335106373,2000
main_month_median_spearman,Le'anhe,乐安河,All,14,spearman,month_median,5,0.2310456128,0.2312165797,0.1608507782,0.2976088524,2000
main_month_median_spearman,Le'anhe,乐安河,All,14,spearman,month_median,6,0.2000175339,0.1999022663,0.1438114047,0.2533453405,2000
main_month_median_spearman,Le'anhe,乐安河,All,14,spearman,month_median,7,0.1790013043,0.1788267791,0.120301351,0.2291990668,2000
main_month_median_spearman,Le'anhe,乐安河,All,14,spearman,month_median,8,0.1698074578,0.1687286198,0.1127549186,0.2225083411,2000
main_month_median_spearman,Le'anhe,乐安河,All,14,spearman,month_median,9,0.1615333181,0.1595454216,0.1127072349,0.2126921713,2000
main_month_median_spearman,Le'anhe,乐安河,All,14,spearman,month_median,10,0.1495926286,0.1479282975,0.1073850244,0.1942614019,2000
main_month_median_spearman,Le'anhe,乐安河,All,14,spearman,month_median,11,0.1258600423,0.1238928586,0.08892807364,0.1643010378,2000
main_month_median_spearman,Le'anhe,乐安河,All,14,spearman,month_median,12,0.107812857,0.1062159389,0.06824803352,0.1517191082,2000
main_month_median_spearman,Le'anhe,乐安河,All,14,spearman,month_median,13,0.08660097456,0.08535893261,0.04260169342,0.1319436729,2000
main_month_median_spearman,Le'anhe,乐安河,All,14,spearman,month_median,14,0.07839983669,0.07720916718,0.0359534733,0.1195720807,2000
main_month_median_spearman,Le'anhe,乐安河,All,14,spearman,month_median,15,0.0596479285,0.05789293721,0.008247977123,0.1066406816,2000
main_month_median_spearman,Liaohe,潦河,All,14,spearman,month_median,0,0.2012745166,0.2014520168,0.1708111316,0.2276335508,2000
main_month_median_spearman,Liaohe,潦河,All,14,spearman,month_median,1,0.3709386941,0.3735787868,0.3236188293,0.4175112844,2000
main_month_median_spearman,Liaohe,潦河,All,14,spearman,month_median,2,0.3528938347,0.3557843864,0.3092676997,0.3932049274,2000
main_month_median_spearman,Liaohe,潦河,All,14,spearman,month_median,3,0.2829718531,0.2839975357,0.2513407171,0.3165579438,2000
main_month_median_spearman,Liaohe,潦河,All,14,spearman,month_median,4,0.2349247318,0.2350226045,0.2043155432,0.2688310742,2000
main_month_median_spearman,Liaohe,潦河,All,14,spearman,month_median,5,0.2056842737,0.2061096728,0.1750163138,0.2353588641,2000
main_month_median_spearman,Liaohe,潦河,All,14,spearman,month_median,6,0.1764214468,0.175994128,0.1455331296,0.2055104822,2000
main_month_median_spearman,Liaohe,潦河,All,14,spearman,month_median,7,0.1669080307,0.1662240028,0.1324288696,0.1995529234,2000
main_month_median_spearman,Liaohe,潦河,All,14,spearman,month_median,8,0.1686216371,0.1680802107,0.132327199,0.2023253292,2000
main_month_median_spearman,Liaohe,潦河,All,14,spearman,month_median,9,0.151808328,0.1508984119,0.1160177216,0.1845659614,2000
main_month_median_spearman,Liaohe,潦河,All,14,spearman,month_median,10,0.1344510183,0.1335423589,0.09898345917,0.1673639864,2000
main_month_median_spearman,Liaohe,潦河,All,14,spearman,month_median,11,0.1198078101,0.1185845137,0.08424554765,0.1544281542,2000
main_month_median_spearman,Liaohe,潦河,All,14,spearman,month_median,12,0.1114261848,0.1096277088,0.07595466077,0.1460353136,2000
main_month_median_spearman,Liaohe,潦河,All,14,spearman,month_median,13,0.1133144607,0.1123310924,0.07508664578,0.1485473216,2000
main_month_median_spearman,Liaohe,潦河,All,14,spearman,month_median,14,0.1092383173,0.1085093319,0.06583761424,0.1456249505,2000
main_month_median_spearman,Liaohe,潦河,All,14,spearman,month_median,15,0.09931058698,0.09848703444,0.05016460642,0.1356418282,2000
main_month_median_spearman,Xinjiang,信江,All,14,spearman,month_median,0,0.194202456,0.1940371096,0.1651573777,0.2152645588,2000
main_month_median_spearman,Xinjiang,信江,All,14,spearman,month_median,1,0.3693401137,0.3694911599,0.3518378139,0.3889789879,2000
main_month_median_spearman,Xinjiang,信江,All,14,spearman,month_median,2,0.442719948,0.4437475204,0.4254003465,0.4632804394,2000
main_month_median_spearman,Xinjiang,信江,All,14,spearman,month_median,3,0.3927632916,0.393586576,0.371258378,0.4177910984,2000
main_month_median_spearman,Xinjiang,信江,All,14,spearman,month_median,4,0.3298311229,0.3292299509,0.3078803718,0.3555994034,2000
main_month_median_spearman,Xinjiang,信江,All,14,spearman,month_median,5,0.2832403893,0.2821528316,0.2569821477,0.3109921813,2000
main_month_median_spearman,Xinjiang,信江,All,14,spearman,month_median,6,0.2514730351,0.2500896454,0.2235964984,0.2789026201,2000
main_month_median_spearman,Xinjiang,信江,All,14,spearman,month_median,7,0.22599548,0.2254773974,0.1984878331,0.2509881854,2000
main_month_median_spearman,Xinjiang,信江,All,14,spearman,month_median,8,0.2066105117,0.2061047554,0.1717060655,0.2353671491,2000
main_month_median_spearman,Xinjiang,信江,All,14,spearman,month_median,9,0.1950959147,0.1946474612,0.1519114822,0.2295186073,2000
main_month_median_spearman,Xinjiang,信江,All,14,spearman,month_median,10,0.1762158325,0.1756761074,0.1314395368,0.2121792138,2000
main_month_median_spearman,Xinjiang,信江,All,14,spearman,month_median,11,0.1570964381,0.1572764218,0.1135608256,0.1911774278,2000
main_month_median_spearman,Xinjiang,信江,All,14,spearman,month_median,12,0.1322583268,0.1332782805,0.08461613953,0.1671410501,2000
main_month_median_spearman,Xinjiang,信江,All,14,spearman,month_median,13,0.1237330887,0.124434948,0.07918532938,0.1570683271,2000
main_month_median_spearman,Xinjiang,信江,All,14,spearman,month_median,14,0.1150625074,0.1140394509,0.07159613073,0.1502267718,2000
main_month_median_spearman,Xinjiang,信江,All,14,spearman,month_median,15,0.09773279656,0.09612586349,0.0529525578,0.1350455433,2000
main_month_median_spearman,Xiushui,修水,All,14,spearman,month_median,0,0.07015381564,0.06955116987,0.02201815136,0.1158977523,2000
main_month_median_spearman,Xiushui,修水,All,14,spearman,month_median,1,0.1107766557,0.1111734062,0.06678336114,0.1516342908,2000
main_month_median_spearman,Xiushui,修水,All,14,spearman,month_median,2,0.1261648525,0.1267762035,0.08405821025,0.1658467799,2000
main_month_median_spearman,Xiushui,修水,All,14,spearman,month_median,3,0.1367326525,0.1381200254,0.09287214279,0.1794941574,2000
main_month_median_spearman,Xiushui,修水,All,14,spearman,month_median,4,0.1394676992,0.14057374,0.09534723312,0.1824487299,2000
main_month_median_spearman,Xiushui,修水,All,14,spearman,month_median,5,0.1410777028,0.1414255798,0.09869792312,0.1823746562,2000
main_month_median_spearman,Xiushui,修水,All,14,spearman,month_median,6,0.1433949952,0.1433974057,0.1049115658,0.1835032701,2000
main_month_median_spearman,Xiushui,修水,All,14,spearman,month_median,7,0.1525153825,0.1522681117,0.1182000265,0.1880456954,2000
main_month_median_spearman,Xiushui,修水,All,14,spearman,month_median,8,0.1508325966,0.1498048902,0.1234027073,0.1821783185,2000
main_month_median_spearman,Xiushui,修水,All,14,spearman,month_median,9,0.1351416424,0.1336781979,0.1102365479,0.1620339155,2000
main_month_median_spearman,Xiushui,修水,All,14,spearman,month_median,10,0.1308434376,0.1295417845,0.1021629721,0.1600746214,2000
main_month_median_spearman,Xiushui,修水,All,14,spearman,month_median,11,0.12066435,0.1204230487,0.09503481537,0.1449585557,2000
main_month_median_spearman,Xiushui,修水,All,14,spearman,month_median,12,0.1058160855,0.1063765883,0.08268215507,0.1272687912,2000
main_month_median_spearman,Xiushui,修水,All,14,spearman,month_median,13,0.1108818332,0.1114818156,0.08335783333,0.1372891068,2000
main_month_median_spearman,Xiushui,修水,All,14,spearman,month_median,14,0.1068032635,0.1075469106,0.06874708831,0.1433381736,2000
main_month_median_spearman,Xiushui,修水,All,14,spearman,month_median,15,0.1028476118,0.1032369658,0.06368402392,0.1420014501,2000
