config_id,basin_en,basin_cn,season,block_count,correlation_method,deseason_method,search_max_lag_days,lag_days,probability,bootstrap_reps
main_month_median_spearman,Changjiang,昌江,Autumn,14,spearman,month_median,15,0,0,2000
main_month_median_spearman,Changjiang,昌江,Autumn,14,spearman,month_median,15,1,0,2000
main_month_median_spearman,Changjiang,昌江,Autumn,14,spearman,month_median,15,2,0.711,2000
main_month_median_spearman,Changjiang,昌江,Autumn,14,spearman,month_median,15,3,0.2715,2000
main_month_median_spearman,Changjiang,昌江,Autumn,14,spearman,month_median,15,4,0.0075,2000
main_month_median_spearman,Changjiang,昌江,Autumn,14,spearman,month_median,15,5,0.001,2000
main_month_median_spearman,Changjiang,昌江,Autumn,14,spearman,month_median,15,6,0,2000
main_month_median_spearman,Changjiang,昌江,Autumn,14,spearman,month_median,15,7,0,2000
main_month_median_spearman,Changjiang,昌江,Autumn,14,spearman,month_median,15,8,0.0005,2000
main_month_median_spearman,Changjiang,昌江,Autumn,14,spearman,month_median,15,9,0,2000
main_month_median_spearman,Changjiang,昌江,Autumn,14,spearman,month_median,15,10,0,2000
main_month_median_spearman,Changjiang,昌江,Autumn,14,spearman,month_median,15,11,0,2000
main_month_median_spearman,Changjiang,昌江,Autumn,14,spearman,month_median,15,12,0,2000
main_month_median_spearman,Changjiang,昌江,Autumn,14,spearman,month_median,15,13,0.008,2000
main_month_median_spearman,Changjiang,昌江,Autumn,14,spearman,month_median,15,14,0.0005,2000
main_month_median_spearman,Changjiang,昌江,Autumn,14,spearman,month_median,15,15,0,2000
main_month_median_spearman,Changjiang,昌江,Spring,14,spearman,month_median,15,0,0,2000
main_month_median_spearman,Changjiang,昌江,Spring,14,spearman,month_median,15,1,0.091,2000
main_month_median_spearman,Changjiang,昌江,Spring,14,spearman,month_median,15,2,0.909,2000
main_month_median_spearman,Changjiang,昌江,Spring,14,spearman,month_median,15,3,0,2000
main_month_median_spearman,Changjiang,昌江,Spring,14,spearman,month_median,15,4,0,2000
main_month_median_spearman,Changjiang,昌江,Spring,14,spearman,month_median,15,5,0,2000
main_month_median_spearman,Changjiang,昌江,Spring,14,spearman,month_median,15,6,0,2000
main_month_median_spearman,Changjiang,昌江,Spring,14,spearman,month_median,15,7,0,2000
main_month_median_spearman,Changjiang,昌江,Spring,14,spearman,month_median,15,8,0,2000
main_month_median_spearman,Changjiang,昌江,Spring,14,spearman,month_median,15,9,0,2000
main_month_median_spearman,Changjiang,昌江,Spring,14,spearman,month_median,15,10,0,2000
main_month_median_spearman,Changjiang,昌江,Spring,14,spearman,month_median,15,11,0,2000
main_month_median_spearman,Changjiang,昌江,Spring,14,spearman,month_median,15,12,0,2000
main_month_median_spearman,Changjiang,昌江,Spring,14,spearman,month_median,15,13,0,2000
main_month_median_spearman,Changjiang,昌江,Spring,14,spearman,month_median,15,14,0,2000
main_month_median_spearman,Changjiang,昌江,Spring,14,spearman,month_median,15,15,0,2000
main_month_median_spearman,Changjiang,昌江,Summer,14,spearman,month_median,15,0,0,2000
main_month_median_spearman,Changjiang,昌江,Summer,14,spearman,month_median,15,1,0.196,2000
main_month_median_spearman,Changjiang,昌江,Summer,14,spearman,month_median,15,2,0.804,2000
main_month_median_spearman,Changjiang,昌江,Summer,14,spearman,month_median,15,3,0,2000
main_month_median_spearman,Changjiang,昌江,Summer,14,spearman,month_median,15,4,0,2000
main_month_median_spearman,Changjiang,昌江,Summer,14,spearman,month_median,15,5,0,2000
main_month_median_spearman,Changjiang,昌江,Summer,14,spearman,month_median,15,6,0,2000
main_month_median_spearman,Changjiang,昌江,Summer,14,spearman,month_median,15,7,0,2000
main_month_median_spearman,Changjiang,昌江,Summer,14,spearman,month_median,15,8,0,2000
main_month_median_spearman,Changjiang,昌江,Summer,14,spearman,month_median,15,9,0,2000
main_month_median_spearman,Changjiang,昌江,Summer,14,spearman,month_median,15,10,0,2000
main_month_median_spearman,Changjiang,昌江,Summer,14,spearman,month_median,15,11,0,2000
main_month_median_spearman,Changjiang,昌江,Summer,14,spearman,month_median,15,12,0,2000
main_month_median_spearman,Changjiang,昌江,Summer,14,spearman,month_median,15,13,0,2000
main_month_median_spearman,Changjiang,昌江,Summer,14,spearman,month_median,15,14,0,2000
main_month_median_spearman,Changjiang,昌江,Summer,14,spearman,month_median,15,15,0,2000
main_month_median_spearman,Changjiang,昌江,Winter,13,spearman,month_median,15,0,0,2000
main_month_median_spearman,Changjiang,昌江,Winter,13,spearman,month_median,15,1,0.018,2000
main_month_median_spearman,Changjiang,昌江,Winter,13,spearman,month_median,15,2,0.4025,2000
main_month_median_spearman,Changjiang,昌江,Winter,13,spearman,month_median,15,3,0.1975,2000
main_month_median_spearman,Changjiang,昌江,Winter,13,spearman,month_median,15,4,0.098,2000
main_month_median_spearman,Changjiang,昌江,Winter,13,spearman,month_median,15,5,0.0925,2000
main_month_median_spearman,Changjiang,昌江,Winter,13,spearman,month_median,15,6,0.0165,2000
main_month_median_spearman,Changjiang,昌江,Winter,13,spearman,month_median,15,7,0.1275,2000
main_month_median_spearman,Changjiang,昌江,Winter,13,spearman,month_median,15,8,0.019,2000
main_month_median_spearman,Changjiang,昌江,Winter,13,spearman,month_median,15,9,0.0285,2000
main_month_median_spearman,Changjiang,昌江,Winter,13,spearman,month_median,15,10,0,2000
main_month_median_spearman,Changjiang,昌江,Winter,13,spearman,month_median,15,11,0,2000
main_month_median_spearman,Changjiang,昌江,Winter,13,spearman,month_median,15,12,0,2000
main_month_median_spearman,Changjiang,昌江,Winter,13,spearman,month_median,15,13,0,2000
main_month_median_spearman,Changjiang,昌江,Winter,13,spearman,month_median,15,14,0,2000
main_month_median_spearman,Changjiang,昌江,Winter,13,spearman,month_median,15,15,0,2000
main_month_median_spearman,Fuhe,抚河,Autumn,14,spearman,month_median,15,0,0,2000
main_month_median_spearman,Fuhe,抚河,Autumn,14,spearman,month_median,15,1,0,2000
main_month_median_spearman,Fuhe,抚河,Autumn,14,spearman,month_median,15,2,0.052,2000
main_month_median_spearman,Fuhe,抚河,Autumn,14,spearman,month_median,15,3,0.879,2000
main_month_median_spearman,Fuhe,抚河,Autumn,14,spearman,month_median,15,4,0.0655,2000
main_month_median_spearman,Fuhe,抚河,Autumn,14,spearman,month_median,15,5,0.0035,2000
main_month_median_spearman,Fuhe,抚河,Autumn,14,spearman,month_median,15,6,0,2000
main_month_median_spearman,Fuhe,抚河,Autumn,14,spearman,month_median,15,7,0,2000
main_month_median_spearman,Fuhe,抚河,Autumn,14,spearman,month_median,15,8,0,2000
main_month_median_spearman,Fuhe,抚河,Autumn,14,spearman,month_median,15,9,0,2000
main_month_median_spearman,Fuhe,抚河,Autumn,14,spearman,month_median,15,10,0,2000
main_month_median_spearman,Fuhe,抚河,Autumn,14,spearman,month_median,15,11,0,2000
main_month_median_spearman,Fuhe,抚河,Autumn,14,spearman,month_median,15,12,0,2000
main_month_median_spearman,Fuhe,抚河,Autumn,14,spearman,month_median,15,13,0,2000
main_month_median_spearman,Fuhe,抚河,Autumn,14,spearman,month_median,15,14,0,2000
main_month_median_spearman,Fuhe,抚河,Autumn,14,spearman,month_median,15,15,0,2000
main_month_median_spearman,Fuhe,抚河,Spring,14,spearman,month_median,15,0,0,2000
main_month_median_spearman,Fuhe,抚河,Spring,14,spearman,month_median,15,1,0,2000
main_month_median_spearman,Fuhe,抚河,Spring,14,spearman,month_median,15,2,1,2000
main_month_median_spearman,Fuhe,抚河,Spring,14,spearman,month_median,15,3,0,2000
main_month_median_spearman,Fuhe,抚河,Spring,14,spearman,month_median,15,4,0,2000
main_month_median_spearman,Fuhe,抚河,Spring,14,spearman,month_median,15,5,0,2000
main_month_median_spearman,Fuhe,抚河,Spring,14,spearman,month_median,15,6,0,2000
main_month_median_spearman,Fuhe,抚河,Spring,14,spearman,month_median,15,7,0,2000
main_month_median_spearman,Fuhe,抚河,Spring,14,spearman,month_median,15,8,0,2000
main_month_median_spearman,Fuhe,抚河,Spring,14,spearman,month_median,15,9,0,2000
main_month_median_spearman,Fuhe,抚河,Spring,14,spearman,month_median,15,10,0,2000
main_month_median_spearman,Fuhe,抚河,Spring,14,spearman,month_median,15,11,0,2000
main_month_median_spearman,Fuhe,抚河,Spring,14,spearman,month_median,15,12,0,2000
main_month_median_spearman,Fuhe,抚河,Spring,14,spearman,month_median,15,13,0,2000
main_month_median_spearman,Fuhe,抚河,Spring,14,spearman,month_median,15,14,0,2000
main_month_median_spearman,Fuhe,抚河,Spring,14,spearman,month_median,15,15,0,2000
main_month_median_spearman,Fuhe,抚河,Summer,14,spearman,month_median,15,0,0,2000
main_month_median_spearman,Fuhe,抚河,Summer,14,spearman,month_median,15,1,0,2000
main_month_median_spearman,Fuhe,抚河,Summer,14,spearman,month_median,15,2,0.956,2000
main_month_median_spearman,Fuhe,抚河,Summer,14,spearman,month_median,15,3,0.044,2000
main_month_median_spearman,Fuhe,抚河,Summer,14,spearman,month_median,15,4,0,2000
main_month_median_spearman,Fuhe,抚河,Summer,14,spearman,month_median,15,5,0,2000
main_month_median_spearman,Fuhe,抚河,Summer,14,spearman,month_median,15,6,0,2000
main_month_median_spearman,Fuhe,抚河,Summer,14,spearman,month_median,15,7,0,2000
main_month_median_spearman,Fuhe,抚河,Summer,14,spearman,month_median,15,8,0,2000
main_month_median_spearman,Fuhe,抚河,Summer,14,spearman,month_median,15,9,0,2000
main_month_median_spearman,Fuhe,抚河,Summer,14,spearman,month_median,15,10,0,2000
main_month_median_spearman,Fuhe,抚河,Summer,14,spearman,month_median,15,11,0,2000
main_month_median_spearman,Fuhe,抚河,Summer,14,spearman,month_median,15,12,0,2000
main_month_median_spearman,Fuhe,抚河,Summer,14,spearman,month_median,15,13,0,2000
main_month_median_spearman,Fuhe,抚河,Summer,14,spearman,month_median,15,14,0,2000
main_month_median_spearman,Fuhe,抚河,Summer,14,spearman,month_median,15,15,0,2000
main_month_median_spearman,Fuhe,抚河,Winter,13,spearman,month_median,15,0,0,2000
main_month_median_spearman,Fuhe,抚河,Winter,13,spearman,month_median,15,1,0,2000
main_month_median_spearman,Fuhe,抚河,Winter,13,spearman,month_median,15,2,0.018,2000
main_month_median_spearman,Fuhe,抚河,Winter,13,spearman,month_median,15,3,0.488,2000
main_month_median_spearman,Fuhe,抚河,Winter,13,spearman,month_median,15,4,0.343,2000
main_month_median_spearman,Fuhe,抚河,Winter,13,spearman,month_median,15,5,0.0665,2000
main_month_median_spearman,Fuhe,抚河,Winter,13,spearman,month_median,15,6,0.0795,2000
main_month_median_spearman,Fuhe,抚河,Winter,13,spearman,month_median,15,7,0.0025,2000
main_month_median_spearman,Fuhe,抚河,Winter,13,spearman,month_median,15,8,0,2000
main_month_median_spearman,Fuhe,抚河,Winter,13,spearman,month_median,15,9,0.0025,2000
main_month_median_spearman,Fuhe,抚河,Winter,13,spearman,month_median,15,10,0,2000
main_month_median_spearman,Fuhe,抚河,Winter,13,spearman,month_median,15,11,0,2000
main_month_median_spearman,Fuhe,抚河,Winter,13,spearman,month_median,15,12,0,2000
main_month_median_spearman,Fuhe,抚河,Winter,13,spearman,month_median,15,13,0,2000
main_month_median_spearman,Fuhe,抚河,Winter,13,spearman,month_median,15,14,0,2000
main_month_median_spearman,Fuhe,抚河,Winter,13,spearman,month_median,15,15,0,2000
main_month_median_spearman,Ganjiang,赣江,Autumn,14,spearman,month_median,15,0,0,2000
main_month_median_spearman,Ganjiang,赣江,Autumn,14,spearman,month_median,15,1,0,2000
main_month_median_spearman,Ganjiang,赣江,Autumn,14,spearman,month_median,15,2,0,2000
main_month_median_spearman,Ganjiang,赣江,Autumn,14,spearman,month_median,15,3,0.057,2000
main_month_median_spearman,Ganjiang,赣江,Autumn,14,spearman,month_median,15,4,0.26,2000
main_month_median_spearman,Ganjiang,赣江,Autumn,14,spearman,month_median,15,5,0.403,2000
main_month_median_spearman,Ganjiang,赣江,Autumn,14,spearman,month_median,15,6,0.1805,2000
main_month_median_spearman,Ganjiang,赣江,Autumn,14,spearman,month_median,15,7,0.0295,2000
main_month_median_spearman,Ganjiang,赣江,Autumn,14,spearman,month_median,15,8,0.067,2000
main_month_median_spearman,Ganjiang,赣江,Autumn,14,spearman,month_median,15,9,0.002,2000
main_month_median_spearman,Ganjiang,赣江,Autumn,14,spearman,month_median,15,10,0.001,2000
main_month_median_spearman,Ganjiang,赣江,Autumn,14,spearman,month_median,15,11,0,2000
main_month_median_spearman,Ganjiang,赣江,Autumn,14,spearman,month_median,15,12,0,2000
main_month_median_spearman,Ganjiang,赣江,Autumn,14,spearman,month_median,15,13,0,2000
main_month_median_spearman,Ganjiang,赣江,Autumn,14,spearman,month_median,15,14,0,2000
main_month_median_spearman,Ganjiang,赣江,Autumn,14,spearman,month_median,15,15,0,2000
main_month_median_spearman,Ganjiang,赣江,Spring,14,spearman,month_median,15,0,0,2000
main_month_median_spearman,Ganjiang,赣江,Spring,14,spearman,month_median,15,1,0,2000
main_month_median_spearman,Ganjiang,赣江,Spring,14,spearman,month_median,15,2,0,2000
main_month_median_spearman,Ganjiang,赣江,Spring,14,spearman,month_median,15,3,0.021,2000
main_month_median_spearman,Ganjiang,赣江,Spring,14,spearman,month_median,15,4,0.179,2000
main_month_median_spearman,Ganjiang,赣江,Spring,14,spearman,month_median,15,5,0.745,2000
main_month_median_spearman,Ganjiang,赣江,Spring,14,spearman,month_median,15,6,0.045,2000
main_month_median_spearman,Ganjiang,赣江,Spring,14,spearman,month_median,15,7,0.0075,2000
main_month_median_spearman,Ganjiang,赣江,Spring,14,spearman,month_median,15,8,0.0005,2000
main_month_median_spearman,Ganjiang,赣江,Spring,14,spearman,month_median,15,9,0,2000
main_month_median_spearman,Ganjiang,赣江,Spring,14,spearman,month_median,15,10,0.002,2000
main_month_median_spearman,Ganjiang,赣江,Spring,14,spearman,month_median,15,11,0,2000
main_month_median_spearman,Ganjiang,赣江,Spring,14,spearman,month_median,15,12,0,2000
main_month_median_spearman,Ganjiang,赣江,Spring,14,spearman,month_median,15,13,0,2000
main_month_median_spearman,Ganjiang,赣江,Spring,14,spearman,month_median,15,14,0,2000
main_month_median_spearman,Ganjiang,赣江,Spring,14,spearman,month_median,15,15,0,2000
main_month_median_spearman,Ganjiang,赣江,Summer,14,spearman,month_median,15,0,0,2000
main_month_median_spearman,Ganjiang,赣江,Summer,14,spearman,month_median,15,1,0,2000
main_month_median_spearman,Ganjiang,赣江,Summer,14,spearman,month_median,15,2,0,2000
main_month_median_spearman,Ganjiang,赣江,Summer,14,spearman,month_median,15,3,0.0545,2000
main_month_median_spearman,Ganjiang,赣江,Summer,14,spearman,month_median,15,4,0.926,2000
main_month_median_spearman,Ganjiang,赣江,Summer,14,spearman,month_median,15,5,0.018,2000
main_month_median_spearman,Ganjiang,赣江,Summer,14,spearman,month_median,15,6,0.0015,2000
main_month_median_spearman,Ganjiang,赣江,Summer,14,spearman,month_median,15,7,0,2000
main_month_median_spearman,Ganjiang,赣江,Summer,14,spearman,month_median,15,8,0,2000
main_month_median_spearman,Ganjiang,赣江,Summer,14,spearman,month_median,15,9,0,2000
main_month_median_spearman,Ganjiang,赣江,Summer,14,spearman,month_median,15,10,0,2000
main_month_median_spearman,Ganjiang,赣江,Summer,14,spearman,month_median,15,11,0,2000
main_month_median_spearman,Ganjiang,赣江,Summer,14,spearman,month_median,15,12,0,2000
main_month_median_spearman,Ganjiang,赣江,Summer,14,spearman,month_median,15,13,0,2000
main_month_median_spearman,Ganjiang,赣江,Summer,14,spearman,month_median,15,14,0,2000
main_month_median_spearman,Ganjiang,赣江,Summer,14,spearman,month_median,15,15,0,2000
main_month_median_spearman,Ganjiang,赣江,Winter,13,spearman,month_median,15,0,0,2000
main_month_median_spearman,Ganjiang,赣江,Winter,13,spearman,month_median,15,1,0,2000
main_month_median_spearman,Ganjiang,赣江,Winter,13,spearman,month_median,15,2,0,2000
main_month_median_spearman,Ganjiang,赣江,Winter,13,spearman,month_median,15,3,0,2000
main_month_median_spearman,Ganjiang,赣江,Winter,13,spearman,month_median,15,4,0,2000
main_month_median_spearman,Ganjiang,赣江,Winter,13,spearman,month_median,15,5,0.008,2000
main_month_median_spearman,Ganjiang,赣江,Winter,13,spearman,month_median,15,6,0.5665,2000
main_month_median_spearman,Ganjiang,赣江,Winter,13,spearman,month_median,15,7,0.119,2000
main_month_median_spearman,Ganjiang,赣江,Winter,13,spearman,month_median,15,8,0.0325,2000
main_month_median_spearman,Ganjiang,赣江,Winter,13,spearman,month_median,15,9,0.1725,2000
main_month_median_spearman,Ganjiang,赣江,Winter,13,spearman,month_median,15,10,0.077,2000
main_month_median_spearman,Ganjiang,赣江,Winter,13,spearman,month_median,15,11,0.001,2000
main_month_median_spearman,Ganjiang,赣江,Winter,13,spearman,month_median,15,12,0.005,2000
main_month_median_spearman,Ganjiang,赣江,Winter,13,spearman,month_median,15,13,0.0175,2000
main_month_median_spearman,Ganjiang,赣江,Winter,13,spearman,month_median,15,14,0.001,2000
main_month_median_spearman,Ganjiang,赣江,Winter,13,spearman,month_median,15,15,0,2000
main_month_median_spearman,Le'anhe,乐安河,Autumn,14,spearman,month_median,15,0,0,2000
main_month_median_spearman,Le'anhe,乐安河,Autumn,14,spearman,month_median,15,1,0,2000
main_month_median_spearman,Le'anhe,乐安河,Autumn,14,spearman,month_median,15,2,0.1085,2000
main_month_median_spearman,Le'anhe,乐安河,Autumn,14,spearman,month_median,15,3,0.7975,2000
main_month_median_spearman,Le'anhe,乐安河,Autumn,14,spearman,month_median,15,4,0.063,2000
main_month_median_spearman,Le'anhe,乐安河,Autumn,14,spearman,month_median,15,5,0.008,2000
main_month_median_spearman,Le'anhe,乐安河,Autumn,14,spearman,month_median,15,6,0.0015,2000
main_month_median_spearman,Le'anhe,乐安河,Autumn,14,spearman,month_median,15,7,0.004,2000
main_month_median_spearman,Le'anhe,乐安河,Autumn,14,spearman,month_median,15,8,0.001,2000
main_month_median_spearman,Le'anhe,乐安河,Autumn,14,spearman,month_median,15,9,0.004,2000
main_month_median_spearman,Le'anhe,乐安河,Autumn,14,spearman,month_median,15,10,0,2000
main_month_median_spearman,Le'anhe,乐安河,Autumn,14,spearman,month_median,15,11,0.0075,2000
main_month_median_spearman,Le'anhe,乐安河,Autumn,14,spearman,month_median,15,12,0.005,2000
main_month_median_spearman,Le'anhe,乐安河,Autumn,14,spearman,month_median,15,13,0,2000
main_month_median_spearman,Le'anhe,乐安河,Autumn,14,spearman,month_median,15,14,0,2000
main_month_median_spearman,Le'anhe,乐安河,Autumn,14,spearman,month_median,15,15,0,2000
main_month_median_spearman,Le'anhe,乐安河,Spring,14,spearman,month_median,15,0,0,2000
main_month_median_spearman,Le'anhe,乐安河,Spring,14,spearman,month_median,15,1,0.046,2000
main_month_median_spearman,Le'anhe,乐安河,Spring,14,spearman,month_median,15,2,0.951,2000
main_month_median_spearman,Le'anhe,乐安河,Spring,14,spearman,month_median,15,3,0.0005,2000
main_month_median_spearman,Le'anhe,乐安河,Spring,14,spearman,month_median,15,4,0,2000
main_month_median_spearman,Le'anhe,乐安河,Spring,14,spearman,month_median,15,5,0.0015,2000
main_month_median_spearman,Le'anhe,乐安河,Spring,14,spearman,month_median,15,6,0,2000
main_month_median_spearman,Le'anhe,乐安河,Spring,14,spearman,month_median,15,7,0,2000
main_month_median_spearman,Le'anhe,乐安河,Spring,14,spearman,month_median,15,8,0,2000
main_month_median_spearman,Le'anhe,乐安河,Spring,14,spearman,month_median,15,9,0.0005,2000
main_month_median_spearman,Le'anhe,乐安河,Spring,14,spearman,month_median,15,10,0.0005,2000
main_month_median_spearman,Le'anhe,乐安河,Spring,14,spearman,month_median,15,11,0,2000
main_month_median_spearman,Le'anhe,乐安河,Spring,14,spearman,month_median,15,12,0,2000
main_month_median_spearman,Le'anhe,乐安河,Spring,14,spearman,month_median,15,13,0,2000
main_month_median_spearman,Le'anhe,乐安河,Spring,14,spearman,month_median,15,14,0,2000
main_month_median_spearman,Le'anhe,乐安河,Spring,14,spearman,month_median,15,15,0,2000
main_month_median_spearman,Le'anhe,乐安河,Summer,14,spearman,month_median,15,0,0,2000
main_month_median_spearman,Le'anhe,乐安河,Summer,14,spearman,month_median,15,1,0.0605,2000
main_month_median_spearman,Le'anhe,乐安河,Summer,14,spearman,month_median,15,2,0.9395,2000
main_month_median_spearman,Le'anhe,乐安河,Summer,14,spearman,month_median,15,3,0,2000
main_month_median_spearman,Le'anhe,乐安河,Summer,14,spearman,month_median,15,4,0,2000
main_month_median_spearman,Le'anhe,乐安河,Summer,14,spearman,month_median,15,5,0,2000
main_month_median_spearman,Le'anhe,乐安河,Summer,14,spearman,month_median,15,6,0,2000
main_month_median_spearman,Le'anhe,乐安河,Summer,14,spearman,month_median,15,7,0,2000
main_month_median_spearman,Le'anhe,乐安河,Summer,14,spearman,month_median,15,8,0,2000
main_month_median_spearman,Le'anhe,乐安河,Summer,14,spearman,month_median,15,9,0,2000
main_month_median_spearman,Le'anhe,乐安河,Summer,14,spearman,month_median,15,10,0,2000
main_month_median_spearman,Le'anhe,乐安河,Summer,14,spearman,month_median,15,11,0,2000
main_month_median_spearman,Le'anhe,乐安河,Summer,14,spearman,month_median,15,12,0,2000
main_month_median_spearman,Le'anhe,乐安河,Summer,14,spearman,month_median,15,13,0,2000
main_month_median_spearman,Le'anhe,乐安河,Summer,14,spearman,month_median,15,14,0,2000
main_month_median_spearman,Le'anhe,乐安河,Summer,14,spearman,month_median,15,15,0,2000
main_month_median_spearman,Le'anhe,乐安河,Winter,13,spearman,month_median,15,0,0,2000
main_month_median_spearman,Le'anhe,乐安河,Winter,13,spearman,month_median,15,1,0,2000
main_month_median_spearman,Le'anhe,乐安河,Winter,13,spearman,month_median,15,2,0.052,2000
main_month_median_spearman,Le'anhe,乐安河,Winter,13,spearman,month_median,15,3,0.865,2000
main_month_median_spearman,Le'anhe,乐安河,Winter,13,spearman,month_median,15,4,0.0065,2000
main_month_median_spearman,Le'anhe,乐安河,Winter,13,spearman,month_median,15,5,0.033,2000
main_month_median_spearman,Le'anhe,乐安河,Winter,13,spearman,month_median,15,6,0.008,2000
main_month_median_spearman,Le'anhe,乐安河,Winter,13,spearman,month_median,15,7,0,2000
main_month_median_spearman,Le'anhe,乐安河,Winter,13,spearman,month_median,15,8,0,2000
main_month_median_spearman,Le'anhe,乐安河,Winter,13,spearman,month_median,15,9,0.004,2000
main_month_median_spearman,Le'anhe,乐安河,Winter,13,spearman,month_median,15,10,0.0195,2000
main_month_median_spearman,Le'anhe,乐安河,Winter,13,spearman,month_median,15,11,0.01,2000
main_month_median_spearman,Le'anhe,乐安河,Winter,13,spearman,month_median,15,12,0.0005,2000
main_month_median_spearman,Le'anhe,乐安河,Winter,13,spearman,month_median,15,13,0.0005,2000
main_month_median_spearman,Le'anhe,乐安河,Winter,13,spearman,month_median,15,14,0.0005,2000
main_month_median_spearman,Le'anhe,乐安河,Winter,13,spearman,month_median,15,15,0.0005,2000
main_month_median_spearman,Liaohe,潦河,Autumn,14,spearman,month_median,15,0,0,2000
main_month_median_spearman,Liaohe,潦河,Autumn,14,spearman,month_median,15,1,0,2000
main_month_median_spearman,Liaohe,潦河,Autumn,14,spearman,month_median,15,2,0.976,2000
main_month_median_spearman,Liaohe,潦河,Autumn,14,spearman,month_median,15,3,0.021,2000
main_month_median_spearman,Liaohe,潦河,Autumn,14,spearman,month_median,15,4,0,2000
main_month_median_spearman,Liaohe,潦河,Autumn,14,spearman,month_median,15,5,0,2000
main_month_median_spearman,Liaohe,潦河,Autumn,14,spearman,month_median,15,6,0,2000
main_month_median_spearman,Liaohe,潦河,Autumn,14,spearman,month_median,15,7,0,2000
main_month_median_spearman,Liaohe,潦河,Autumn,14,spearman,month_median,15,8,0,2000
main_month_median_spearman,Liaohe,潦河,Autumn,14,spearman,month_median,15,9,0,2000
main_month_median_spearman,Liaohe,潦河,Autumn,14,spearman,month_median,15,10,0,2000
main_month_median_spearman,Liaohe,潦河,Autumn,14,spearman,month_median,15,11,0,2000
main_month_median_spearman,Liaohe,潦河,Autumn,14,spearman,month_median,15,12,0.0005,2000
main_month_median_spearman,Liaohe,潦河,Autumn,14,spearman,month_median,15,13,0,2000
main_month_median_spearman,Liaohe,潦河,Autumn,14,spearman,month_median,15,14,0.0025,2000
main_month_median_spearman,Liaohe,潦河,Autumn,14,spearman,month_median,15,15,0,2000
main_month_median_spearman,Liaohe,潦河,Spring,14,spearman,month_median,15,0,0,2000
main_month_median_spearman,Liaohe,潦河,Spring,14,spearman,month_median,15,1,1,2000
main_month_median_spearman,Liaohe,潦河,Spring,14,spearman,month_median,15,2,0,2000
main_month_median_spearman,Liaohe,潦河,Spring,14,spearman,month_median,15,3,0,2000
main_month_median_spearman,Liaohe,潦河,Spring,14,spearman,month_median,15,4,0,2000
main_month_median_spearman,Liaohe,潦河,Spring,14,spearman,month_median,15,5,0,2000
main_month_median_spearman,Liaohe,潦河,Spring,14,spearman,month_median,15,6,0,2000
main_month_median_spearman,Liaohe,潦河,Spring,14,spearman,month_median,15,7,0,2000
main_month_median_spearman,Liaohe,潦河,Spring,14,spearman,month_median,15,8,0,2000
main_month_median_spearman,Liaohe,潦河,Spring,14,spearman,month_median,15,9,0,2000
main_month_median_spearman,Liaohe,潦河,Spring,14,spearman,month_median,15,10,0,2000
main_month_median_spearman,Liaohe,潦河,Spring,14,spearman,month_median,15,11,0,2000
main_month_median_spearman,Liaohe,潦河,Spring,14,spearman,month_median,15,12,0,2000
main_month_median_spearman,Liaohe,潦河,Spring,14,spearman,month_median,15,13,0,2000
main_month_median_spearman,Liaohe,潦河,Spring,14,spearman,month_median,15,14,0,2000
main_month_median_spearman,Liaohe,潦河,Spring,14,spearman,month_median,15,15,0,2000
main_month_median_spearman,Liaohe,潦河,Summer,14,spearman,month_median,15,0,0,2000
main_month_median_spearman,Liaohe,潦河,Summer,14,spearman,month_median,15,1,1,2000
main_month_median_spearman,Liaohe,潦河,Summer,14,spearman,month_median,15,2,0,2000
main_month_median_spearman,Liaohe,潦河,Summer,14,spearman,month_median,15,3,0,2000
main_month_median_spearman,Liaohe,潦河,Summer,14,spearman,month_median,15,4,0,2000
main_month_median_spearman,Liaohe,潦河,Summer,14,spearman,month_median,15,5,0,2000
main_month_median_spearman,Liaohe,潦河,Summer,14,spearman,month_median,15,6,0,2000
main_month_median_spearman,Liaohe,潦河,Summer,14,spearman,month_median,15,7,0,2000
main_month_median_spearman,Liaohe,潦河,Summer,14,spearman,month_median,15,8,0,2000
main_month_median_spearman,Liaohe,潦河,Summer,14,spearman,month_median,15,9,0,2000
main_month_median_spearman,Liaohe,潦河,Summer,14,spearman,month_median,15,10,0,2000
main_month_median_spearman,Liaohe,潦河,Summer,14,spearman,month_median,15,11,0,2000
main_month_median_spearman,Liaohe,潦河,Summer,14,spearman,month_median,15,12,0,2000
main_month_median_spearman,Liaohe,潦河,Summer,14,spearman,month_median,15,13,0,2000
main_month_median_spearman,Liaohe,潦河,Summer,14,spearman,month_median,15,14,0,2000
main_month_median_spearman,Liaohe,潦河,Summer,14,spearman,month_median,15,15,0,2000
main_month_median_spearman,Liaohe,潦河,Winter,13,spearman,month_median,15,0,0,2000
main_month_median_spearman,Liaohe,潦河,Winter,13,spearman,month_median,15,1,0.0005,2000
main_month_median_spearman,Liaohe,潦河,Winter,13,spearman,month_median,15,2,0.918,2000
main_month_median_spearman,Liaohe,潦河,Winter,13,spearman,month_median,15,3,0.066,2000
main_month_median_spearman,Liaohe,潦河,Winter,13,spearman,month_median,15,4,0,2000
main_month_median_spearman,Liaohe,潦河,Winter,13,spearman,month_median,15,5,0,2000
main_month_median_spearman,Liaohe,潦河,Winter,13,spearman,month_median,15,6,0,2000
main_month_median_spearman,Liaohe,潦河,Winter,13,spearman,month_median,15,7,0.002,2000
main_month_median_spearman,Liaohe,潦河,Winter,13,spearman,month_median,15,8,0.0085,2000
main_month_median_spearman,Liaohe,潦河,Winter,13,spearman,month_median,15,9,0.0045,2000
main_month_median_spearman,Liaohe,潦河,Winter,13,spearman,month_median,15,10,0.0005,2000
main_month_median_spearman,Liaohe,潦河,Winter,13,spearman,month_median,15,11,0,2000
main_month_median_spearman,Liaohe,潦河,Winter,13,spearman,month_median,15,12,0,2000
main_month_median_spearman,Liaohe,潦河,Winter,13,spearman,month_median,15,13,0,2000
main_month_median_spearman,Liaohe,潦河,Winter,13,spearman,month_median,15,14,0,2000
main_month_median_spearman,Liaohe,潦河,Winter,13,spearman,month_median,15,15,0,2000
main_month_median_spearman,Xinjiang,信江,Autumn,14,spearman,month_median,15,0,0,2000
main_month_median_spearman,Xinjiang,信江,Autumn,14,spearman,month_median,15,1,0,2000
main_month_median_spearman,Xinjiang,信江,Autumn,14,spearman,month_median,15,2,0.0195,2000
main_month_median_spearman,Xinjiang,信江,Autumn,14,spearman,month_median,15,3,0.8975,2000
main_month_median_spearman,Xinjiang,信江,Autumn,14,spearman,month_median,15,4,0.057,2000
main_month_median_spearman,Xinjiang,信江,Autumn,14,spearman,month_median,15,5,0.026,2000
main_month_median_spearman,Xinjiang,信江,Autumn,14,spearman,month_median,15,6,0,2000
main_month_median_spearman,Xinjiang,信江,Autumn,14,spearman,month_median,15,7,0,2000
main_month_median_spearman,Xinjiang,信江,Autumn,14,spearman,month_median,15,8,0,2000
main_month_median_spearman,Xinjiang,信江,Autumn,14,spearman,month_median,15,9,0,2000
main_month_median_spearman,Xinjiang,信江,Autumn,14,spearman,month_median,15,10,0,2000
main_month_median_spearman,Xinjiang,信江,Autumn,14,spearman,month_median,15,11,0,2000
main_month_median_spearman,Xinjiang,信江,Autumn,14,spearman,month_median,15,12,0,2000
main_month_median_spearman,Xinjiang,信江,Autumn,14,spearman,month_median,15,13,0,2000
main_month_median_spearman,Xinjiang,信江,Autumn,14,spearman,month_median,15,14,0,2000
main_month_median_spearman,Xinjiang,信江,Autumn,14,spearman,month_median,15,15,0,2000
main_month_median_spearman,Xinjiang,信江,Spring,14,spearman,month_median,15,0,0,2000
main_month_median_spearman,Xinjiang,信江,Spring,14,spearman,month_median,15,1,0,2000
main_month_median_spearman,Xinjiang,信江,Spring,14,spearman,month_median,15,2,1,2000
main_month_median_spearman,Xinjiang,信江,Spring,14,spearman,month_median,15,3,0,2000
main_month_median_spearman,Xinjiang,信江,Spring,14,spearman,month_median,15,4,0,2000
main_month_median_spearman,Xinjiang,信江,Spring,14,spearman,month_median,15,5,0,2000
main_month_median_spearman,Xinjiang,信江,Spring,14,spearman,month_median,15,6,0,2000
main_month_median_spearman,Xinjiang,信江,Spring,14,spearman,month_median,15,7,0,2000
main_month_median_spearman,Xinjiang,信江,Spring,14,spearman,month_median,15,8,0,2000
main_month_median_spearman,Xinjiang,信江,Spring,14,spearman,month_median,15,9,0,2000
main_month_median_spearman,Xinjiang,信江,Spring,14,spearman,month_median,15,10,0,2000
main_month_median_spearman,Xinjiang,信江,Spring,14,spearman,month_median,15,11,0,2000
main_month_median_spearman,Xinjiang,信江,Spring,14,spearman,month_median,15,12,0,2000
main_month_median_spearman,Xinjiang,信江,Spring,14,spearman,month_median,15,13,0,2000
main_month_median_spearman,Xinjiang,信江,Spring,14,spearman,month_median,15,14,0,2000
main_month_median_spearman,Xinjiang,信江,Spring,14,spearman,month_median,15,15,0,2000
main_month_median_spearman,Xinjiang,信江,Summer,14,spearman,month_median,15,0,0,2000
main_month_median_spearman,Xinjiang,信江,Summer,14,spearman,month_median,15,1,0,2000
main_month_median_spearman,Xinjiang,信江,Summer,14,spearman,month_median,15,2,1,2000
main_month_median_spearman,Xinjiang,信江,Summer,14,spearman,month_median,15,3,0,2000
main_month_median_spearman,Xinjiang,信江,Summer,14,spearman,month_median,15,4,0,2000
main_month_median_spearman,Xinjiang,信江,Summer,14,spearman,month_median,15,5,0,2000
main_month_median_spearman,Xinjiang,信江,Summer,14,spearman,month_median,15,6,0,2000
main_month_median_spearman,Xinjiang,信江,Summer,14,spearman,month_median,15,7,0,2000
main_month_median_spearman,Xinjiang,信江,Summer,14,spearman,month_median,15,8,0,2000
main_month_median_spearman,Xinjiang,信江,Summer,14,spearman,month_median,15,9,0,2000
main_month_median_spearman,Xinjiang,信江,Summer,14,spearman,month_median,15,10,0,2000
main_month_median_spearman,Xinjiang,信江,Summer,14,spearman,month_median,15,11,0,2000
main_month_median_spearman,Xinjiang,信江,Summer,14,spearman,month_median,15,12,0,2000
main_month_median_spearman,Xinjiang,信江,Summer,14,spearman,month_median,15,13,0,2000
main_month_median_spearman,Xinjiang,信江,Summer,14,spearman,month_median,15,14,0,2000
main_month_median_spearman,Xinjiang,信江,Summer,14,spearman,month_median,15,15,0,2000
main_month_median_spearman,Xinjiang,信江,Winter,13,spearman,month_median,15,0,0,2000
main_month_median_spearman,Xinjiang,信江,Winter,13,spearman,month_median,15,1,0,2000
main_month_median_spearman,Xinjiang,信江,Winter,13,spearman,month_median,15,2,0.1465,2000
main_month_median_spearman,Xinjiang,信江,Winter,13,spearman,month_median,15,3,0.4755,2000
main_month_median_spearman,Xinjiang,信江,Winter,13,spearman,month_median,15,4,0.236,2000
main_month_median_spearman,Xinjiang,信江,Winter,13,spearman,month_median,15,5,0.0425,2000
main_month_median_spearman,Xinjiang,信江,Winter,13,spearman,month_median,15,6,0.008,2000
main_month_median_spearman,Xinjiang,信江,Winter,13,spearman,month_median,15,7,0.017,2000
main_month_median_spearman,Xinjiang,信江,Winter,13,spearman,month_median,15,8,0.0425,2000
main_month_median_spearman,Xinjiang,信江,Winter,13,spearman,month_median,15,9,0.0105,2000
main_month_median_spearman,Xinjiang,信江,Winter,13,spearman,month_median,15,10,0.018,2000
main_month_median_spearman,Xinjiang,信江,Winter,13,spearman,month_median,15,11,0.0035,2000
main_month_median_spearman,Xinjiang,信江,Winter,13,spearman,month_median,15,12,0,2000
main_month_median_spearman,Xinjiang,信江,Winter,13,spearman,month_median,15,13,0,2000
main_month_median_spearman,Xinjiang,信江,Winter,13,spearman,month_median,15,14,0,2000
main_month_median_spearman,Xinjiang,信江,Winter,13,spearman,month_median,15,15,0,2000
main_month_median_spearman,Xiushui,修水,Autumn,14,spearman,month_median,15,0,0.224,2000
main_month_median_spearman,Xiushui,修水,Autumn,14,spearman,month_median,15,1,0.0035,2000
main_month_median_spearman,Xiushui,修水,Autumn,14,spearman,month_median,15,2,0.0045,2000
main_month_median_spearman,Xiushui,修水,Autumn,14,spearman,month_median,15,3,0.037,2000
main_month_median_spearman,Xiushui,修水,Autumn,14,spearman,month_median,15,4,0.001,2000
main_month_median_spearman,Xiushui,修水,Autumn,14,spearman,month_median,15,5,0.004,2000
main_month_median_spearman,Xiushui,修水,Autumn,14,spearman,month_median,15,6,0.008,2000
main_month_median_spearman,Xiushui,修水,Autumn,14,spearman,month_median,15,7,0.1695,2000
main_month_median_spearman,Xiushui,修水,Autumn,14,spearman,month_median,15,8,0.011,2000
main_month_median_spearman,Xiushui,修水,Autumn,14,spearman,month_median,15,9,0,2000
main_month_median_spearman,Xiushui,修水,Autumn,14,spearman,month_median,15,10,0.0005,2000
main_month_median_spearman,Xiushui,修水,Autumn,14,spearman,month_median,15,11,0,2000
main_month_median_spearman,Xiushui,修水,Autumn,14,spearman,month_median,15,12,0,2000
main_month_median_spearman,Xiushui,修水,Autumn,14,spearman,month_median,15,13,0.1335,2000
main_month_median_spearman,Xiushui,修水,Autumn,14,spearman,month_median,15,14,0.132,2000
main_month_median_spearman,Xiushui,修水,Autumn,14,spearman,month_median,15,15,0.2715,2000
main_month_median_spearman,Xiushui,修水,Spring,14,spearman,month_median,15,0,0,2000
main_month_median_spearman,Xiushui,修水,Spring,14,spearman,month_median,15,1,0.0005,2000
main_month_median_spearman,Xiushui,修水,Spring,14,spearman,month_median,15,2,0.0105,2000
main_month_median_spearman,Xiushui,修水,Spring,14,spearman,month_median,15,3,0.002,2000
main_month_median_spearman,Xiushui,修水,Spring,14,spearman,month_median,15,4,0.0065,2000
main_month_median_spearman,Xiushui,修水,Spring,14,spearman,month_median,15,5,0.013,2000
main_month_median_spearman,Xiushui,修水,Spring,14,spearman,month_median,15,6,0.044,2000
main_month_median_spearman,Xiushui,修水,Spring,14,spearman,month_median,15,7,0.1585,2000
main_month_median_spearman,Xiushui,修水,Spring,14,spearman,month_median,15,8,0.6065,2000
main_month_median_spearman,Xiushui,修水,Spring,14,spearman,month_median,15,9,0.143,2000
main_month_median_spearman,Xiushui,修水,Spring,14,spearman,month_median,15,10,0.005,2000
main_month_median_spearman,Xiushui,修水,Spring,14,spearman,month_median,15,11,0.006,2000
main_month_median_spearman,Xiushui,修水,Spring,14,spearman,month_median,15,12,0,2000
main_month_median_spearman,Xiushui,修水,Spring,14,spearman,month_median,15,13,0.0015,2000
main_month_median_spearman,Xiushui,修水,Spring,14,spearman,month_median,15,14,0,2000
main_month_median_spearman,Xiushui,修水,Spring,14,spearman,month_median,15,15,0.003,2000
main_month_median_spearman,Xiushui,修水,Summer,14,spearman,month_median,15,0,0,2000
main_month_median_spearman,Xiushui,修水,Summer,14,spearman,month_median,15,1,0.0155,2000
main_month_median_spearman,Xiushui,修水,Summer,14,spearman,month_median,15,2,0.0295,2000
main_month_median_spearman,Xiushui,修水,Summer,14,spearman,month_median,15,3,0.684,2000
main_month_median_spearman,Xiushui,修水,Summer,14,spearman,month_median,15,4,0.1535,2000
main_month_median_spearman,Xiushui,修水,Summer,14,spearman,month_median,15,5,0.015,2000
main_month_median_spearman,Xiushui,修水,Summer,14,spearman,month_median,15,6,0,2000
main_month_median_spearman,Xiushui,修水,Summer,14,spearman,month_median,15,7,0,2000
main_month_median_spearman,Xiushui,修水,Summer,14,spearman,month_median,15,8,0,2000
main_month_median_spearman,Xiushui,修水,Summer,14,spearman,month_median,15,9,0,2000
main_month_median_spearman,Xiushui,修水,Summer,14,spearman,month_median,15,10,0.001,2000
main_month_median_spearman,Xiushui,修水,Summer,14,spearman,month_median,15,11,0.018,2000
main_month_median_spearman,Xiushui,修水,Summer,14,spearman,month_median,15,12,0.015,2000
main_month_median_spearman,Xiushui,修水,Summer,14,spearman,month_median,15,13,0.0095,2000
main_month_median_spearman,Xiushui,修水,Summer,14,spearman,month_median,15,14,0.0285,2000
main_month_median_spearman,Xiushui,修水,Summer,14,spearman,month_median,15,15,0.0305,2000
main_month_median_spearman,Xiushui,修水,Winter,13,spearman,month_median,15,0,0.0015,2000
main_month_median_spearman,Xiushui,修水,Winter,13,spearman,month_median,15,1,0.14,2000
main_month_median_spearman,Xiushui,修水,Winter,13,spearman,month_median,15,2,0.0165,2000
main_month_median_spearman,Xiushui,修水,Winter,13,spearman,month_median,15,3,0.0375,2000
main_month_median_spearman,Xiushui,修水,Winter,13,spearman,month_median,15,4,0.019,2000
main_month_median_spearman,Xiushui,修水,Winter,13,spearman,month_median,15,5,0.2335,2000
main_month_median_spearman,Xiushui,修水,Winter,13,spearman,month_median,15,6,0.186,2000
main_month_median_spearman,Xiushui,修水,Winter,13,spearman,month_median,15,7,0.192,2000
main_month_median_spearman,Xiushui,修水,Winter,13,spearman,month_median,15,8,0,2000
main_month_median_spearman,Xiushui,修水,Winter,13,spearman,month_median,15,9,0,2000
main_month_median_spearman,Xiushui,修水,Winter,13,spearman,month_median,15,10,0.0005,2000
main_month_median_spearman,Xiushui,修水,Winter,13,spearman,month_median,15,11,0,2000
main_month_median_spearman,Xiushui,修水,Winter,13,spearman,month_median,15,12,0,2000
main_month_median_spearman,Xiushui,修水,Winter,13,spearman,month_median,15,13,0.168,2000
main_month_median_spearman,Xiushui,修水,Winter,13,spearman,month_median,15,14,0.0015,2000
main_month_median_spearman,Xiushui,修水,Winter,13,spearman,month_median,15,15,0.004,2000
