config_id,basin_en,basin_cn,season,block_count,correlation_method,deseason_method,block_year,best_lag_days,max_correlation
main_month_median_spearman,Changjiang,昌江,All,14,spearman,month_median,2006,2,0.3255489298
main_month_median_spearman,Changjiang,昌江,All,14,spearman,month_median,2007,3,0.3476189616
main_month_median_spearman,Changjiang,昌江,All,14,spearman,month_median,2008,2,0.4574025098
main_month_median_spearman,Changjiang,昌江,All,14,spearman,month_median,2009,2,0.378754523
main_month_median_spearman,Changjiang,昌江,All,14,spearman,month_median,2010,2,0.4178387331
main_month_median_spearman,Changjiang,昌江,All,14,spearman,month_median,2011,2,0.497302756
main_month_median_spearman,Changjiang,昌江,All,14,spearman,month_median,2012,2,0.3542133001
main_month_median_spearman,Changjiang,昌江,All,14,spearman,month_median,2013,2,0.339002608
main_month_median_spearman,Changjiang,昌江,All,14,spearman,month_median,2014,2,0.4679542301
main_month_median_spearman,Changjiang,昌江,All,14,spearman,month_median,2015,2,0.3764177014
main_month_median_spearman,Changjiang,昌江,All,14,spearman,month_median,2016,1,0.3206323084
main_month_median_spearman,Changjiang,昌江,All,14,spearman,month_median,2017,3,0.4180986465
main_month_median_spearman,Changjiang,昌江,All,14,spearman,month_median,2018,2,0.4059746659
main_month_median_spearman,Changjiang,昌江,All,14,spearman,month_median,2019,2,0.368190677
main_month_median_spearman,Changjiang,昌江,Autumn,14,spearman,month_median,2006,2,0.3859856983
main_month_median_spearman,Changjiang,昌江,Autumn,14,spearman,month_median,2007,4,0.4213898825
main_month_median_spearman,Changjiang,昌江,Autumn,14,spearman,month_median,2008,12,0.4173138288
main_month_median_spearman,Changjiang,昌江,Autumn,14,spearman,month_median,2009,15,0.2905754168
main_month_median_spearman,Changjiang,昌江,Autumn,14,spearman,month_median,2010,15,0.2269074557
main_month_median_spearman,Changjiang,昌江,Autumn,14,spearman,month_median,2011,15,0.2180252921
main_month_median_spearman,Changjiang,昌江,Autumn,14,spearman,month_median,2012,2,0.3280160863
main_month_median_spearman,Changjiang,昌江,Autumn,14,spearman,month_median,2013,15,0.09440023044
main_month_median_spearman,Changjiang,昌江,Autumn,14,spearman,month_median,2014,1,0.4227472689
main_month_median_spearman,Changjiang,昌江,Autumn,14,spearman,month_median,2015,4,0.4175654873
main_month_median_spearman,Changjiang,昌江,Autumn,14,spearman,month_median,2016,3,0.3439078892
main_month_median_spearman,Changjiang,昌江,Autumn,14,spearman,month_median,2017,3,0.2424831323
main_month_median_spearman,Changjiang,昌江,Autumn,14,spearman,month_median,2018,2,0.2799545967
main_month_median_spearman,Changjiang,昌江,Autumn,14,spearman,month_median,2019,10,0.1879385373
main_month_median_spearman,Changjiang,昌江,Spring,14,spearman,month_median,2006,4,0.2946907453
main_month_median_spearman,Changjiang,昌江,Spring,14,spearman,month_median,2007,2,0.3564137528
main_month_median_spearman,Changjiang,昌江,Spring,14,spearman,month_median,2008,11,0.1611722893
main_month_median_spearman,Changjiang,昌江,Spring,14,spearman,month_median,2009,15,0.1757034085
main_month_median_spearman,Changjiang,昌江,Spring,14,spearman,month_median,2010,2,0.510599849
main_month_median_spearman,Changjiang,昌江,Spring,14,spearman,month_median,2011,3,0.08362081874
main_month_median_spearman,Changjiang,昌江,Spring,14,spearman,month_median,2012,1,0.3849297882
main_month_median_spearman,Changjiang,昌江,Spring,14,spearman,month_median,2013,2,0.5571123077
main_month_median_spearman,Changjiang,昌江,Spring,14,spearman,month_median,2014,3,0.4721716476
main_month_median_spearman,Changjiang,昌江,Spring,14,spearman,month_median,2015,4,0.4939905729
main_month_median_spearman,Changjiang,昌江,Spring,14,spearman,month_median,2016,1,0.5323892839
main_month_median_spearman,Changjiang,昌江,Spring,14,spearman,month_median,2017,3,0.254335548
main_month_median_spearman,Changjiang,昌江,Spring,14,spearman,month_median,2018,2,0.4682002344
main_month_median_spearman,Changjiang,昌江,Spring,14,spearman,month_median,2019,3,0.3671402667
main_month_median_spearman,Changjiang,昌江,Summer,14,spearman,month_median,2006,3,0.5180028868
main_month_median_spearman,Changjiang,昌江,Summer,14,spearman,month_median,2007,2,0.4344426283
main_month_median_spearman,Changjiang,昌江,Summer,14,spearman,month_median,2008,2,0.5413048776
main_month_median_spearman,Changjiang,昌江,Summer,14,spearman,month_median,2009,1,0.6316987614
main_month_median_spearman,Changjiang,昌江,Summer,14,spearman,month_median,2010,3,0.5646177214
main_month_median_spearman,Changjiang,昌江,Summer,14,spearman,month_median,2011,2,0.6340091848
main_month_median_spearman,Changjiang,昌江,Summer,14,spearman,month_median,2012,2,0.5321133807
main_month_median_spearman,Changjiang,昌江,Summer,14,spearman,month_median,2013,1,0.37301061
main_month_median_spearman,Changjiang,昌江,Summer,14,spearman,month_median,2014,1,0.5697994985
main_month_median_spearman,Changjiang,昌江,Summer,14,spearman,month_median,2015,1,0.3445709645
main_month_median_spearman,Changjiang,昌江,Summer,14,spearman,month_median,2016,1,0.5004409115
main_month_median_spearman,Changjiang,昌江,Summer,14,spearman,month_median,2017,2,0.6344128153
main_month_median_spearman,Changjiang,昌江,Summer,14,spearman,month_median,2018,1,0.4959703241
main_month_median_spearman,Changjiang,昌江,Summer,14,spearman,month_median,2019,1,0.5142819703
main_month_median_spearman,Changjiang,昌江,Winter,13,spearman,month_median,2007,5,0.4696188939
main_month_median_spearman,Changjiang,昌江,Winter,13,spearman,month_median,2008,9,0.3928688037
main_month_median_spearman,Changjiang,昌江,Winter,13,spearman,month_median,2009,7,0.5061307717
main_month_median_spearman,Changjiang,昌江,Winter,13,spearman,month_median,2010,2,0.3167139218
main_month_median_spearman,Changjiang,昌江,Winter,13,spearman,month_median,2011,1,0.4060769164
main_month_median_spearman,Changjiang,昌江,Winter,13,spearman,month_median,2012,2,0.2889962861
main_month_median_spearman,Changjiang,昌江,Winter,13,spearman,month_median,2013,15,0.2661423871
main_month_median_spearman,Changjiang,昌江,Winter,13,spearman,month_median,2014,15,0.219542071
main_month_median_spearman,Changjiang,昌江,Winter,13,spearman,month_median,2015,0,0.3522066033
main_month_median_spearman,Changjiang,昌江,Winter,13,spearman,month_median,2016,2,0.4387411042
main_month_median_spearman,Changjiang,昌江,Winter,13,spearman,month_median,2017,0,0.51939283
main_month_median_spearman,Changjiang,昌江,Winter,13,spearman,month_median,2018,3,0.5833014411
main_month_median_spearman,Changjiang,昌江,Winter,13,spearman,month_median,2019,2,0.6059611565
main_month_median_spearman,Fuhe,抚河,All,14,spearman,month_median,2006,2,0.3969318304
main_month_median_spearman,Fuhe,抚河,All,14,spearman,month_median,2007,3,0.3742346849
main_month_median_spearman,Fuhe,抚河,All,14,spearman,month_median,2008,2,0.4449218199
main_month_median_spearman,Fuhe,抚河,All,14,spearman,month_median,2009,2,0.54017262
main_month_median_spearman,Fuhe,抚河,All,14,spearman,month_median,2010,2,0.4004576094
main_month_median_spearman,Fuhe,抚河,All,14,spearman,month_median,2011,3,0.4986364684
main_month_median_spearman,Fuhe,抚河,All,14,spearman,month_median,2012,2,0.4686830919
main_month_median_spearman,Fuhe,抚河,All,14,spearman,month_median,2013,2,0.4133793523
main_month_median_spearman,Fuhe,抚河,All,14,spearman,month_median,2014,2,0.4393647433
main_month_median_spearman,Fuhe,抚河,All,14,spearman,month_median,2015,2,0.4884284906
main_month_median_spearman,Fuhe,抚河,All,14,spearman,month_median,2016,2,0.4334653444
main_month_median_spearman,Fuhe,抚河,All,14,spearman,month_median,2017,2,0.5284918676
main_month_median_spearman,Fuhe,抚河,All,14,spearman,month_median,2018,2,0.418226862
main_month_median_spearman,Fuhe,抚河,All,14,spearman,month_median,2019,2,0.3523555818
main_month_median_spearman,Fuhe,抚河,Autumn,14,spearman,month_median,2006,3,0.600194183
main_month_median_spearman,Fuhe,抚河,Autumn,14,spearman,month_median,2007,6,0.5040961105
main_month_median_spearman,Fuhe,抚河,Autumn,14,spearman,month_median,2008,11,0.293214691
main_month_median_spearman,Fuhe,抚河,Autumn,14,spearman,month_median,2009,3,0.5471426443
main_month_median_spearman,Fuhe,抚河,Autumn,14,spearman,month_median,2010,3,0.5303738646
main_month_median_spearman,Fuhe,抚河,Autumn,14,spearman,month_median,2011,3,0.3875877145
main_month_median_spearman,Fuhe,抚河,Autumn,14,spearman,month_median,2012,2,0.4259234653
main_month_median_spearman,Fuhe,抚河,Autumn,14,spearman,month_median,2013,3,0.3752919089
main_month_median_spearman,Fuhe,抚河,Autumn,14,spearman,month_median,2014,10,0.3255323675
main_month_median_spearman,Fuhe,抚河,Autumn,14,spearman,month_median,2015,4,0.4460213582
main_month_median_spearman,Fuhe,抚河,Autumn,14,spearman,month_median,2016,2,0.4889487188
main_month_median_spearman,Fuhe,抚河,Autumn,14,spearman,month_median,2017,2,0.5661532407
main_month_median_spearman,Fuhe,抚河,Autumn,14,spearman,month_median,2018,4,0.3375269281
main_month_median_spearman,Fuhe,抚河,Autumn,14,spearman,month_median,2019,5,0.4527406628
main_month_median_spearman,Fuhe,抚河,Spring,14,spearman,month_median,2006,2,0.509930083
main_month_median_spearman,Fuhe,抚河,Spring,14,spearman,month_median,2007,9,0.5057887292
main_month_median_spearman,Fuhe,抚河,Spring,14,spearman,month_median,2008,2,0.5147781235
main_month_median_spearman,Fuhe,抚河,Spring,14,spearman,month_median,2009,2,0.6601337677
main_month_median_spearman,Fuhe,抚河,Spring,14,spearman,month_median,2010,2,0.4829844709
main_month_median_spearman,Fuhe,抚河,Spring,14,spearman,month_median,2011,3,0.4982969165
main_month_median_spearman,Fuhe,抚河,Spring,14,spearman,month_median,2012,2,0.5862059448
main_month_median_spearman,Fuhe,抚河,Spring,14,spearman,month_median,2013,2,0.5009999516
main_month_median_spearman,Fuhe,抚河,Spring,14,spearman,month_median,2014,2,0.5022154977
main_month_median_spearman,Fuhe,抚河,Spring,14,spearman,month_median,2015,2,0.5507408277
main_month_median_spearman,Fuhe,抚河,Spring,14,spearman,month_median,2016,2,0.4746995641
main_month_median_spearman,Fuhe,抚河,Spring,14,spearman,month_median,2017,2,0.5596624057
main_month_median_spearman,Fuhe,抚河,Spring,14,spearman,month_median,2018,2,0.4264178127
main_month_median_spearman,Fuhe,抚河,Spring,14,spearman,month_median,2019,2,0.4794265857
main_month_median_spearman,Fuhe,抚河,Summer,14,spearman,month_median,2006,2,0.2884205528
main_month_median_spearman,Fuhe,抚河,Summer,14,spearman,month_median,2007,3,0.290203969
main_month_median_spearman,Fuhe,抚河,Summer,14,spearman,month_median,2008,3,0.4596961423
main_month_median_spearman,Fuhe,抚河,Summer,14,spearman,month_median,2009,2,0.5819188907
main_month_median_spearman,Fuhe,抚河,Summer,14,spearman,month_median,2010,2,0.491189136
main_month_median_spearman,Fuhe,抚河,Summer,14,spearman,month_median,2011,3,0.5249919416
main_month_median_spearman,Fuhe,抚河,Summer,14,spearman,month_median,2012,2,0.4422096002
main_month_median_spearman,Fuhe,抚河,Summer,14,spearman,month_median,2013,2,0.3173981594
main_month_median_spearman,Fuhe,抚河,Summer,14,spearman,month_median,2014,2,0.5643654189
main_month_median_spearman,Fuhe,抚河,Summer,14,spearman,month_median,2015,2,0.5659027666
main_month_median_spearman,Fuhe,抚河,Summer,14,spearman,month_median,2016,3,0.5483397897
main_month_median_spearman,Fuhe,抚河,Summer,14,spearman,month_median,2017,2,0.4936914866
main_month_median_spearman,Fuhe,抚河,Summer,14,spearman,month_median,2018,2,0.5340270984
main_month_median_spearman,Fuhe,抚河,Summer,14,spearman,month_median,2019,2,0.6108368794
main_month_median_spearman,Fuhe,抚河,Winter,13,spearman,month_median,2007,4,0.6077007131
main_month_median_spearman,Fuhe,抚河,Winter,13,spearman,month_median,2008,9,0.3394360769
main_month_median_spearman,Fuhe,抚河,Winter,13,spearman,month_median,2009,7,0.2950003268
main_month_median_spearman,Fuhe,抚河,Winter,13,spearman,month_median,2010,3,0.3330893913
main_month_median_spearman,Fuhe,抚河,Winter,13,spearman,month_median,2011,4,0.4711315847
main_month_median_spearman,Fuhe,抚河,Winter,13,spearman,month_median,2012,2,0.3337950094
main_month_median_spearman,Fuhe,抚河,Winter,13,spearman,month_median,2013,2,0.4927089745
main_month_median_spearman,Fuhe,抚河,Winter,13,spearman,month_median,2014,3,0.3734014181
main_month_median_spearman,Fuhe,抚河,Winter,13,spearman,month_median,2015,7,0.4731677593
main_month_median_spearman,Fuhe,抚河,Winter,13,spearman,month_median,2016,2,0.5530071476
main_month_median_spearman,Fuhe,抚河,Winter,13,spearman,month_median,2017,7,0.4999815118
main_month_median_spearman,Fuhe,抚河,Winter,13,spearman,month_median,2018,4,0.7285145674
main_month_median_spearman,Fuhe,抚河,Winter,13,spearman,month_median,2019,4,0.5727674057
main_month_median_spearman,Ganjiang,赣江,All,14,spearman,month_median,2006,4,0.3363296144
main_month_median_spearman,Ganjiang,赣江,All,14,spearman,month_median,2007,9,0.4195544365
main_month_median_spearman,Ganjiang,赣江,All,14,spearman,month_median,2008,5,0.3872628366
main_month_median_spearman,Ganjiang,赣江,All,14,spearman,month_median,2009,9,0.3501447801
main_month_median_spearman,Ganjiang,赣江,All,14,spearman,month_median,2010,6,0.3237874571
main_month_median_spearman,Ganjiang,赣江,All,14,spearman,month_median,2011,5,0.426779185
main_month_median_spearman,Ganjiang,赣江,All,14,spearman,month_median,2012,4,0.3317981214
main_month_median_spearman,Ganjiang,赣江,All,14,spearman,month_median,2013,2,0.3117293025
main_month_median_spearman,Ganjiang,赣江,All,14,spearman,month_median,2014,4,0.3763197884
main_month_median_spearman,Ganjiang,赣江,All,14,spearman,month_median,2015,3,0.3765834121
main_month_median_spearman,Ganjiang,赣江,All,14,spearman,month_median,2016,3,0.4064318443
main_month_median_spearman,Ganjiang,赣江,All,14,spearman,month_median,2017,4,0.4056436529
main_month_median_spearman,Ganjiang,赣江,All,14,spearman,month_median,2018,4,0.4722437304
main_month_median_spearman,Ganjiang,赣江,All,14,spearman,month_median,2019,3,0.2819951299
main_month_median_spearman,Ganjiang,赣江,Autumn,14,spearman,month_median,2006,8,0.6177422177
main_month_median_spearman,Ganjiang,赣江,Autumn,14,spearman,month_median,2007,0,0.325877055
main_month_median_spearman,Ganjiang,赣江,Autumn,14,spearman,month_median,2008,6,0.3497860633
main_month_median_spearman,Ganjiang,赣江,Autumn,14,spearman,month_median,2009,10,0.2980287786
main_month_median_spearman,Ganjiang,赣江,Autumn,14,spearman,month_median,2010,5,0.3821652748
main_month_median_spearman,Ganjiang,赣江,Autumn,14,spearman,month_median,2011,5,0.162857972
main_month_median_spearman,Ganjiang,赣江,Autumn,14,spearman,month_median,2012,15,0.2537224148
main_month_median_spearman,Ganjiang,赣江,Autumn,14,spearman,month_median,2013,8,0.06895707509
main_month_median_spearman,Ganjiang,赣江,Autumn,14,spearman,month_median,2014,3,0.3142215233
main_month_median_spearman,Ganjiang,赣江,Autumn,14,spearman,month_median,2015,6,0.6471601396
main_month_median_spearman,Ganjiang,赣江,Autumn,14,spearman,month_median,2016,3,0.5492151451
main_month_median_spearman,Ganjiang,赣江,Autumn,14,spearman,month_median,2017,3,0.4982912331
main_month_median_spearman,Ganjiang,赣江,Autumn,14,spearman,month_median,2018,9,0.4871825278
main_month_median_spearman,Ganjiang,赣江,Autumn,14,spearman,month_median,2019,0,0.4912119365
main_month_median_spearman,Ganjiang,赣江,Spring,14,spearman,month_median,2006,4,0.3420341169
main_month_median_spearman,Ganjiang,赣江,Spring,14,spearman,month_median,2007,8,0.4371002015
main_month_median_spearman,Ganjiang,赣江,Spring,14,spearman,month_median,2008,6,0.5394003906
main_month_median_spearman,Ganjiang,赣江,Spring,14,spearman,month_median,2009,11,0.5250904138
main_month_median_spearman,Ganjiang,赣江,Spring,14,spearman,month_median,2010,4,0.4053432031
main_month_median_spearman,Ganjiang,赣江,Spring,14,spearman,month_median,2011,13,0.3659644794
main_month_median_spearman,Ganjiang,赣江,Spring,14,spearman,month_median,2012,4,0.4904650157
main_month_median_spearman,Ganjiang,赣江,Spring,14,spearman,month_median,2013,3,0.390799026
main_month_median_spearman,Ganjiang,赣江,Spring,14,spearman,month_median,2014,5,0.5306157786
main_month_median_spearman,Ganjiang,赣江,Spring,14,spearman,month_median,2015,10,0.4268865496
main_month_median_spearman,Ganjiang,赣江,Spring,14,spearman,month_median,2016,3,0.4877092637
main_month_median_spearman,Ganjiang,赣江,Spring,14,spearman,month_median,2017,4,0.4382563408
main_month_median_spearman,Ganjiang,赣江,Spring,14,spearman,month_median,2018,3,0.347464419
main_month_median_spearman,Ganjiang,赣江,Spring,14,spearman,month_median,2019,5,0.3870174018
main_month_median_spearman,Ganjiang,赣江,Summer,14,spearman,month_median,2006,4,0.4266212285
main_month_median_spearman,Ganjiang,赣江,Summer,14,spearman,month_median,2007,6,0.5197935732
main_month_median_spearman,Ganjiang,赣江,Summer,14,spearman,month_median,2008,5,0.6099572584
main_month_median_spearman,Ganjiang,赣江,Summer,14,spearman,month_median,2009,5,0.3597166989
main_month_median_spearman,Ganjiang,赣江,Summer,14,spearman,month_median,2010,10,0.3515341832
main_month_median_spearman,Ganjiang,赣江,Summer,14,spearman,month_median,2011,3,0.3965302696
main_month_median_spearman,Ganjiang,赣江,Summer,14,spearman,month_median,2012,3,0.2116252502
main_month_median_spearman,Ganjiang,赣江,Summer,14,spearman,month_median,2013,2,0.3449953493
main_month_median_spearman,Ganjiang,赣江,Summer,14,spearman,month_median,2014,4,0.5281576655
main_month_median_spearman,Ganjiang,赣江,Summer,14,spearman,month_median,2015,3,0.4761365623
main_month_median_spearman,Ganjiang,赣江,Summer,14,spearman,month_median,2016,3,0.5920894144
main_month_median_spearman,Ganjiang,赣江,Summer,14,spearman,month_median,2017,4,0.3621842007
main_month_median_spearman,Ganjiang,赣江,Summer,14,spearman,month_median,2018,4,0.5355725926
main_month_median_spearman,Ganjiang,赣江,Summer,14,spearman,month_median,2019,3,0.4916006622
main_month_median_spearman,Ganjiang,赣江,Winter,13,spearman,month_median,2007,10,0.5392754394
main_month_median_spearman,Ganjiang,赣江,Winter,13,spearman,month_median,2008,10,0.2999215692
main_month_median_spearman,Ganjiang,赣江,Winter,13,spearman,month_median,2009,13,0.3731911675
main_month_median_spearman,Ganjiang,赣江,Winter,13,spearman,month_median,2010,7,0.2139350056
main_month_median_spearman,Ganjiang,赣江,Winter,13,spearman,month_median,2011,8,0.4412201451
main_month_median_spearman,Ganjiang,赣江,Winter,13,spearman,month_median,2012,5,0.356028211
main_month_median_spearman,Ganjiang,赣江,Winter,13,spearman,month_median,2013,11,0.3944202584
main_month_median_spearman,Ganjiang,赣江,Winter,13,spearman,month_median,2014,15,0.476206219
main_month_median_spearman,Ganjiang,赣江,Winter,13,spearman,month_median,2015,8,0.3509824918
main_month_median_spearman,Ganjiang,赣江,Winter,13,spearman,month_median,2016,6,0.3690614412
main_month_median_spearman,Ganjiang,赣江,Winter,13,spearman,month_median,2017,6,0.5438784639
main_month_median_spearman,Ganjiang,赣江,Winter,13,spearman,month_median,2018,9,0.4802372867
main_month_median_spearman,Ganjiang,赣江,Winter,13,spearman,month_median,2019,4,0.5356842672
main_month_median_spearman,Le'anhe,乐安河,All,14,spearman,month_median,2006,2,0.3983900982
main_month_median_spearman,Le'anhe,乐安河,All,14,spearman,month_median,2007,2,0.3575807267
main_month_median_spearman,Le'anhe,乐安河,All,14,spearman,month_median,2008,2,0.4273826575
main_month_median_spearman,Le'anhe,乐安河,All,14,spearman,month_median,2009,2,0.4080608885
main_month_median_spearman,Le'anhe,乐安河,All,14,spearman,month_median,2010,2,0.4395191824
main_month_median_spearman,Le'anhe,乐安河,All,14,spearman,month_median,2011,3,0.3499534126
main_month_median_spearman,Le'anhe,乐安河,All,14,spearman,month_median,2012,2,0.4214095342
main_month_median_spearman,Le'anhe,乐安河,All,14,spearman,month_median,2013,2,0.3193387506
main_month_median_spearman,Le'anhe,乐安河,All,14,spearman,month_median,2014,2,0.5243242376
main_month_median_spearman,Le'anhe,乐安河,All,14,spearman,month_median,2015,2,0.4219232432
main_month_median_spearman,Le'anhe,乐安河,All,14,spearman,month_median,2016,2,0.4424868788
main_month_median_spearman,Le'anhe,乐安河,All,14,spearman,month_median,2017,9,0.05816222464
main_month_median_spearman,Le'anhe,乐安河,All,14,spearman,month_median,2018,9,0.05175829347
main_month_median_spearman,Le'anhe,乐安河,All,14,spearman,month_median,2019,0,0.1526852358
main_month_median_spearman,Le'anhe,乐安河,Autumn,14,spearman,month_median,2006,9,0.3369694794
main_month_median_spearman,Le'anhe,乐安河,Autumn,14,spearman,month_median,2007,3,0.3539935049
main_month_median_spearman,Le'anhe,乐安河,Autumn,14,spearman,month_median,2008,12,0.425730145
main_month_median_spearman,Le'anhe,乐安河,Autumn,14,spearman,month_median,2009,3,0.3790604551
main_month_median_spearman,Le'anhe,乐安河,Autumn,14,spearman,month_median,2010,4,0.4691769906
main_month_median_spearman,Le'anhe,乐安河,Autumn,14,spearman,month_median,2011,2,0.3269014099
main_month_median_spearman,Le'anhe,乐安河,Autumn,14,spearman,month_median,2012,2,0.5242031398
main_month_median_spearman,Le'anhe,乐安河,Autumn,14,spearman,month_median,2013,6,0.2783996232
main_month_median_spearman,Le'anhe,乐安河,Autumn,14,spearman,month_median,2014,3,0.2967351427
main_month_median_spearman,Le'anhe,乐安河,Autumn,14,spearman,month_median,2015,13,0.4752257283
main_month_median_spearman,Le'anhe,乐安河,Autumn,14,spearman,month_median,2016,3,0.505806327
main_month_median_spearman,Le'anhe,乐安河,Autumn,14,spearman,month_median,2017,11,0.4738309685
main_month_median_spearman,Le'anhe,乐安河,Autumn,14,spearman,month_median,2018,11,0.3396374203
main_month_median_spearman,Le'anhe,乐安河,Autumn,14,spearman,month_median,2019,2,0.0484126834
main_month_median_spearman,Le'anhe,乐安河,Spring,14,spearman,month_median,2006,2,0.4892232574
main_month_median_spearman,Le'anhe,乐安河,Spring,14,spearman,month_median,2007,2,0.1794203096
main_month_median_spearman,Le'anhe,乐安河,Spring,14,spearman,month_median,2008,1,0.1559606084
main_month_median_spearman,Le'anhe,乐安河,Spring,14,spearman,month_median,2009,2,0.2367745227
main_month_median_spearman,Le'anhe,乐安河,Spring,14,spearman,month_median,2010,1,0.5575857388
main_month_median_spearman,Le'anhe,乐安河,Spring,14,spearman,month_median,2011,13,0.1229839772
main_month_median_spearman,Le'anhe,乐安河,Spring,14,spearman,month_median,2012,1,0.4514074199
main_month_median_spearman,Le'anhe,乐安河,Spring,14,spearman,month_median,2013,2,0.4421916722
main_month_median_spearman,Le'anhe,乐安河,Spring,14,spearman,month_median,2014,2,0.4406928221
main_month_median_spearman,Le'anhe,乐安河,Spring,14,spearman,month_median,2015,5,0.5124386256
main_month_median_spearman,Le'anhe,乐安河,Spring,14,spearman,month_median,2016,1,0.5539882107
main_month_median_spearman,Le'anhe,乐安河,Spring,14,spearman,month_median,2017,0,0.1090468731
main_month_median_spearman,Le'anhe,乐安河,Spring,14,spearman,month_median,2018,8,0.08316922967
main_month_median_spearman,Le'anhe,乐安河,Spring,14,spearman,month_median,2019,14,0.203693877
main_month_median_spearman,Le'anhe,乐安河,Summer,14,spearman,month_median,2006,1,0.4555572686
main_month_median_spearman,Le'anhe,乐安河,Summer,14,spearman,month_median,2007,2,0.4681811609
main_month_median_spearman,Le'anhe,乐安河,Summer,14,spearman,month_median,2008,2,0.4568691579
main_month_median_spearman,Le'anhe,乐安河,Summer,14,spearman,month_median,2009,1,0.6400887262
main_month_median_spearman,Le'anhe,乐安河,Summer,14,spearman,month_median,2010,2,0.6149103525
main_month_median_spearman,Le'anhe,乐安河,Summer,14,spearman,month_median,2011,2,0.3639955598
main_month_median_spearman,Le'anhe,乐安河,Summer,14,spearman,month_median,2012,2,0.4402248609
main_month_median_spearman,Le'anhe,乐安河,Summer,14,spearman,month_median,2013,2,0.3116683224
main_month_median_spearman,Le'anhe,乐安河,Summer,14,spearman,month_median,2014,2,0.6690916029
main_month_median_spearman,Le'anhe,乐安河,Summer,14,spearman,month_median,2015,1,0.369157678
main_month_median_spearman,Le'anhe,乐安河,Summer,14,spearman,month_median,2016,2,0.382222738
main_month_median_spearman,Le'anhe,乐安河,Summer,14,spearman,month_median,2017,9,0.2609763909
main_month_median_spearman,Le'anhe,乐安河,Summer,14,spearman,month_median,2018,1,0.2836921873
main_month_median_spearman,Le'anhe,乐安河,Summer,14,spearman,month_median,2019,0,0.4628294478
main_month_median_spearman,Le'anhe,乐安河,Winter,13,spearman,month_median,2007,4,0.531846655
main_month_median_spearman,Le'anhe,乐安河,Winter,13,spearman,month_median,2008,9,0.6098525524
main_month_median_spearman,Le'anhe,乐安河,Winter,13,spearman,month_median,2009,2,0.341776709
main_month_median_spearman,Le'anhe,乐安河,Winter,13,spearman,month_median,2010,14,0.3059763623
main_month_median_spearman,Le'anhe,乐安河,Winter,13,spearman,month_median,2011,3,0.5926661558
main_month_median_spearman,Le'anhe,乐安河,Winter,13,spearman,month_median,2012,3,0.4675861974
main_month_median_spearman,Le'anhe,乐安河,Winter,13,spearman,month_median,2013,6,0.3640923175
main_month_median_spearman,Le'anhe,乐安河,Winter,13,spearman,month_median,2014,14,0.406427342
main_month_median_spearman,Le'anhe,乐安河,Winter,13,spearman,month_median,2015,3,0.3461615396
main_month_median_spearman,Le'anhe,乐安河,Winter,13,spearman,month_median,2016,2,0.645793383
main_month_median_spearman,Le'anhe,乐安河,Winter,13,spearman,month_median,2017,12,0.4476594511
main_month_median_spearman,Le'anhe,乐安河,Winter,13,spearman,month_median,2018,10,0.3658049349
main_month_median_spearman,Le'anhe,乐安河,Winter,13,spearman,month_median,2019,15,-0.156941607
main_month_median_spearman,Liaohe,潦河,All,14,spearman,month_median,2006,1,0.5162004642
main_month_median_spearman,Liaohe,潦河,All,14,spearman,month_median,2007,2,0.4317127119
main_month_median_spearman,Liaohe,潦河,All,14,spearman,month_median,2008,1,0.4734326107
main_month_median_spearman,Liaohe,潦河,All,14,spearman,month_median,2009,2,0.2778968551
main_month_median_spearman,Liaohe,潦河,All,14,spearman,month_median,2010,2,0.4037503218
main_month_median_spearman,Liaohe,潦河,All,14,spearman,month_median,2011,2,0.389060854
main_month_median_spearman,Liaohe,潦河,All,14,spearman,month_median,2012,1,0.4012524425
main_month_median_spearman,Liaohe,潦河,All,14,spearman,month_median,2013,1,0.4190980513
main_month_median_spearman,Liaohe,潦河,All,14,spearman,month_median,2014,1,0.4865753678
main_month_median_spearman,Liaohe,潦河,All,14,spearman,month_median,2015,1,0.4587669031
main_month_median_spearman,Liaohe,潦河,All,14,spearman,month_median,2016,1,0.4079694026
main_month_median_spearman,Liaohe,潦河,All,14,spearman,month_median,2017,1,0.3809939428
main_month_median_spearman,Liaohe,潦河,All,14,spearman,month_median,2018,8,0.2782719497
main_month_median_spearman,Liaohe,潦河,All,14,spearman,month_median,2019,1,0.394613208
main_month_median_spearman,Liaohe,潦河,Autumn,14,spearman,month_median,2006,2,0.4621930211
main_month_median_spearman,Liaohe,潦河,Autumn,14,spearman,month_median,2007,14,0.3308666353
main_month_median_spearman,Liaohe,潦河,Autumn,14,spearman,month_median,2008,11,0.4118390816
main_month_median_spearman,Liaohe,潦河,Autumn,14,spearman,month_median,2009,4,0.1552406223
main_month_median_spearman,Liaohe,潦河,Autumn,14,spearman,month_median,2010,2,0.41591578
main_month_median_spearman,Liaohe,潦河,Autumn,14,spearman,month_median,2011,1,0.3867357977
main_month_median_spearman,Liaohe,潦河,Autumn,14,spearman,month_median,2012,2,0.4751832222
main_month_median_spearman,Liaohe,潦河,Autumn,14,spearman,month_median,2013,2,0.2273315753
main_month_median_spearman,Liaohe,潦河,Autumn,14,spearman,month_median,2014,2,0.5223251048
main_month_median_spearman,Liaohe,潦河,Autumn,14,spearman,month_median,2015,2,0.5949959531
main_month_median_spearman,Liaohe,潦河,Autumn,14,spearman,month_median,2016,2,0.4866342321
main_month_median_spearman,Liaohe,潦河,Autumn,14,spearman,month_median,2017,15,0.09362024286
main_month_median_spearman,Liaohe,潦河,Autumn,14,spearman,month_median,2018,12,0.3685365861
main_month_median_spearman,Liaohe,潦河,Autumn,14,spearman,month_median,2019,3,0.3513516407
main_month_median_spearman,Liaohe,潦河,Spring,14,spearman,month_median,2006,1,0.5777094042
main_month_median_spearman,Liaohe,潦河,Spring,14,spearman,month_median,2007,2,0.1410838329
main_month_median_spearman,Liaohe,潦河,Spring,14,spearman,month_median,2008,2,0.4484369828
main_month_median_spearman,Liaohe,潦河,Spring,14,spearman,month_median,2009,2,0.3539915518
main_month_median_spearman,Liaohe,潦河,Spring,14,spearman,month_median,2010,1,0.5865076518
main_month_median_spearman,Liaohe,潦河,Spring,14,spearman,month_median,2011,2,-0.1065501762
main_month_median_spearman,Liaohe,潦河,Spring,14,spearman,month_median,2012,1,0.6006832047
main_month_median_spearman,Liaohe,潦河,Spring,14,spearman,month_median,2013,1,0.6360850173
main_month_median_spearman,Liaohe,潦河,Spring,14,spearman,month_median,2014,1,0.5455127889
main_month_median_spearman,Liaohe,潦河,Spring,14,spearman,month_median,2015,1,0.6335382791
main_month_median_spearman,Liaohe,潦河,Spring,14,spearman,month_median,2016,1,0.6644652359
main_month_median_spearman,Liaohe,潦河,Spring,14,spearman,month_median,2017,1,0.4216068469
main_month_median_spearman,Liaohe,潦河,Spring,14,spearman,month_median,2018,9,0.08172594067
main_month_median_spearman,Liaohe,潦河,Spring,14,spearman,month_median,2019,1,0.3483686916
main_month_median_spearman,Liaohe,潦河,Summer,14,spearman,month_median,2006,1,0.701005387
main_month_median_spearman,Liaohe,潦河,Summer,14,spearman,month_median,2007,1,0.6860000545
main_month_median_spearman,Liaohe,潦河,Summer,14,spearman,month_median,2008,1,0.5482587687
main_month_median_spearman,Liaohe,潦河,Summer,14,spearman,month_median,2009,2,0.488001024
main_month_median_spearman,Liaohe,潦河,Summer,14,spearman,month_median,2010,1,0.5269650877
main_month_median_spearman,Liaohe,潦河,Summer,14,spearman,month_median,2011,2,0.5630859582
main_month_median_spearman,Liaohe,潦河,Summer,14,spearman,month_median,2012,1,0.4117578519
main_month_median_spearman,Liaohe,潦河,Summer,14,spearman,month_median,2013,1,0.4801529581
main_month_median_spearman,Liaohe,潦河,Summer,14,spearman,month_median,2014,1,0.592478226
main_month_median_spearman,Liaohe,潦河,Summer,14,spearman,month_median,2015,1,0.4065792551
main_month_median_spearman,Liaohe,潦河,Summer,14,spearman,month_median,2016,1,0.4444833493
main_month_median_spearman,Liaohe,潦河,Summer,14,spearman,month_median,2017,1,0.5628788544
main_month_median_spearman,Liaohe,潦河,Summer,14,spearman,month_median,2018,5,0.2826112685
main_month_median_spearman,Liaohe,潦河,Summer,14,spearman,month_median,2019,2,0.4741556488
main_month_median_spearman,Liaohe,潦河,Winter,13,spearman,month_median,2007,9,0.2643285944
main_month_median_spearman,Liaohe,潦河,Winter,13,spearman,month_median,2008,3,0.4622945683
main_month_median_spearman,Liaohe,潦河,Winter,13,spearman,month_median,2009,9,0.1255028254
main_month_median_spearman,Liaohe,潦河,Winter,13,spearman,month_median,2010,2,0.3639188802
main_month_median_spearman,Liaohe,潦河,Winter,13,spearman,month_median,2011,2,0.541512379
main_month_median_spearman,Liaohe,潦河,Winter,13,spearman,month_median,2012,2,0.6296938112
main_month_median_spearman,Liaohe,潦河,Winter,13,spearman,month_median,2013,2,0.3008189925
main_month_median_spearman,Liaohe,潦河,Winter,13,spearman,month_median,2014,3,0.4968034802
main_month_median_spearman,Liaohe,潦河,Winter,13,spearman,month_median,2015,3,0.4014788658
main_month_median_spearman,Liaohe,潦河,Winter,13,spearman,month_median,2016,1,0.4544493566
main_month_median_spearman,Liaohe,潦河,Winter,13,spearman,month_median,2017,3,0.3758087573
main_month_median_spearman,Liaohe,潦河,Winter,13,spearman,month_median,2018,1,0.2075002958
main_month_median_spearman,Liaohe,潦河,Winter,13,spearman,month_median,2019,8,0.3968855785
main_month_median_spearman,Xinjiang,信江,All,14,spearman,month_median,2006,2,0.3676184999
main_month_median_spearman,Xinjiang,信江,All,14,spearman,month_median,2007,2,0.4106804688
main_month_median_spearman,Xinjiang,信江,All,14,spearman,month_median,2008,2,0.4759378013
main_month_median_spearman,Xinjiang,信江,All,14,spearman,month_median,2009,2,0.5016895826
main_month_median_spearman,Xinjiang,信江,All,14,spearman,month_median,2010,2,0.4290248167
main_month_median_spearman,Xinjiang,信江,All,14,spearman,month_median,2011,2,0.5090255818
main_month_median_spearman,Xinjiang,信江,All,14,spearman,month_median,2012,2,0.5101713408
main_month_median_spearman,Xinjiang,信江,All,14,spearman,month_median,2013,2,0.4203361977
main_month_median_spearman,Xinjiang,信江,All,14,spearman,month_median,2014,2,0.4984160864
main_month_median_spearman,Xinjiang,信江,All,14,spearman,month_median,2015,2,0.3969070248
main_month_median_spearman,Xinjiang,信江,All,14,spearman,month_median,2016,2,0.4090090012
main_month_median_spearman,Xinjiang,信江,All,14,spearman,month_median,2017,2,0.4890079561
main_month_median_spearman,Xinjiang,信江,All,14,spearman,month_median,2018,2,0.4820523276
main_month_median_spearman,Xinjiang,信江,All,14,spearman,month_median,2019,2,0.4545891384
main_month_median_spearman,Xinjiang,信江,Autumn,14,spearman,month_median,2006,5,0.5925421996
main_month_median_spearman,Xinjiang,信江,Autumn,14,spearman,month_median,2007,3,0.4141371197
main_month_median_spearman,Xinjiang,信江,Autumn,14,spearman,month_median,2008,3,0.3673663339
main_month_median_spearman,Xinjiang,信江,Autumn,14,spearman,month_median,2009,5,0.3953419947
main_month_median_spearman,Xinjiang,信江,Autumn,14,spearman,month_median,2010,3,0.5608216337
main_month_median_spearman,Xinjiang,信江,Autumn,14,spearman,month_median,2011,2,0.3634292457
main_month_median_spearman,Xinjiang,信江,Autumn,14,spearman,month_median,2012,2,0.3318874449
main_month_median_spearman,Xinjiang,信江,Autumn,14,spearman,month_median,2013,3,0.2091781107
main_month_median_spearman,Xinjiang,信江,Autumn,14,spearman,month_median,2014,7,0.1864926137
main_month_median_spearman,Xinjiang,信江,Autumn,14,spearman,month_median,2015,3,0.4668481124
main_month_median_spearman,Xinjiang,信江,Autumn,14,spearman,month_median,2016,3,0.6236324245
main_month_median_spearman,Xinjiang,信江,Autumn,14,spearman,month_median,2017,4,0.4766549336
main_month_median_spearman,Xinjiang,信江,Autumn,14,spearman,month_median,2018,7,0.451799582
main_month_median_spearman,Xinjiang,信江,Autumn,14,spearman,month_median,2019,0,0.5415325936
main_month_median_spearman,Xinjiang,信江,Spring,14,spearman,month_median,2006,2,0.4960066801
main_month_median_spearman,Xinjiang,信江,Spring,14,spearman,month_median,2007,9,0.2932651001
main_month_median_spearman,Xinjiang,信江,Spring,14,spearman,month_median,2008,2,0.5251303853
main_month_median_spearman,Xinjiang,信江,Spring,14,spearman,month_median,2009,2,0.5018674995
main_month_median_spearman,Xinjiang,信江,Spring,14,spearman,month_median,2010,2,0.5991310899
main_month_median_spearman,Xinjiang,信江,Spring,14,spearman,month_median,2011,2,0.2123697381
main_month_median_spearman,Xinjiang,信江,Spring,14,spearman,month_median,2012,2,0.6055170874
main_month_median_spearman,Xinjiang,信江,Spring,14,spearman,month_median,2013,2,0.5871924059
main_month_median_spearman,Xinjiang,信江,Spring,14,spearman,month_median,2014,2,0.4307956437
main_month_median_spearman,Xinjiang,信江,Spring,14,spearman,month_median,2015,2,0.3385322544
main_month_median_spearman,Xinjiang,信江,Spring,14,spearman,month_median,2016,2,0.5725686623
main_month_median_spearman,Xinjiang,信江,Spring,14,spearman,month_median,2017,2,0.5676279917
main_month_median_spearman,Xinjiang,信江,Spring,14,spearman,month_median,2018,2,0.4334699185
main_month_median_spearman,Xinjiang,信江,Spring,14,spearman,month_median,2019,2,0.5919834661
main_month_median_spearman,Xinjiang,信江,Summer,14,spearman,month_median,2006,2,0.3106422233
main_month_median_spearman,Xinjiang,信江,Summer,14,spearman,month_median,2007,2,0.4540707245
main_month_median_spearman,Xinjiang,信江,Summer,14,spearman,month_median,2008,2,0.4338345224
main_month_median_spearman,Xinjiang,信江,Summer,14,spearman,month_median,2009,2,0.6577497702
main_month_median_spearman,Xinjiang,信江,Summer,14,spearman,month_median,2010,2,0.4878714969
main_month_median_spearman,Xinjiang,信江,Summer,14,spearman,month_median,2011,3,0.4316987384
main_month_median_spearman,Xinjiang,信江,Summer,14,spearman,month_median,2012,2,0.5005882548
main_month_median_spearman,Xinjiang,信江,Summer,14,spearman,month_median,2013,7,0.2814180379
main_month_median_spearman,Xinjiang,信江,Summer,14,spearman,month_median,2014,2,0.6694620667
main_month_median_spearman,Xinjiang,信江,Summer,14,spearman,month_median,2015,2,0.3103312476
main_month_median_spearman,Xinjiang,信江,Summer,14,spearman,month_median,2016,2,0.2265140335
main_month_median_spearman,Xinjiang,信江,Summer,14,spearman,month_median,2017,2,0.5974294393
main_month_median_spearman,Xinjiang,信江,Summer,14,spearman,month_median,2018,2,0.5302849666
main_month_median_spearman,Xinjiang,信江,Summer,14,spearman,month_median,2019,3,0.6132402372
main_month_median_spearman,Xinjiang,信江,Winter,13,spearman,month_median,2007,8,0.5289731707
main_month_median_spearman,Xinjiang,信江,Winter,13,spearman,month_median,2008,10,0.2201724883
main_month_median_spearman,Xinjiang,信江,Winter,13,spearman,month_median,2009,10,0.3217195715
main_month_median_spearman,Xinjiang,信江,Winter,13,spearman,month_median,2010,5,0.3530027322
main_month_median_spearman,Xinjiang,信江,Winter,13,spearman,month_median,2011,3,0.5502461407
main_month_median_spearman,Xinjiang,信江,Winter,13,spearman,month_median,2012,2,0.4518214572
main_month_median_spearman,Xinjiang,信江,Winter,13,spearman,month_median,2013,2,0.4876803738
main_month_median_spearman,Xinjiang,信江,Winter,13,spearman,month_median,2014,10,0.5550844254
main_month_median_spearman,Xinjiang,信江,Winter,13,spearman,month_median,2015,2,0.3428290781
main_month_median_spearman,Xinjiang,信江,Winter,13,spearman,month_median,2016,2,0.5536194225
main_month_median_spearman,Xinjiang,信江,Winter,13,spearman,month_median,2017,6,0.4115886292
main_month_median_spearman,Xinjiang,信江,Winter,13,spearman,month_median,2018,4,0.5288182429
main_month_median_spearman,Xinjiang,信江,Winter,13,spearman,month_median,2019,4,0.5482156232
main_month_median_spearman,Xiushui,修水,All,14,spearman,month_median,2006,8,0.174687349
main_month_median_spearman,Xiushui,修水,All,14,spearman,month_median,2007,4,0.168130715
main_month_median_spearman,Xiushui,修水,All,14,spearman,month_median,2008,3,0.2680024469
main_month_median_spearman,Xiushui,修水,All,14,spearman,month_median,2009,10,0.1456134683
main_month_median_spearman,Xiushui,修水,All,14,spearman,month_median,2010,3,0.2324433752
main_month_median_spearman,Xiushui,修水,All,14,spearman,month_median,2011,4,0.2466239225
main_month_median_spearman,Xiushui,修水,All,14,spearman,month_median,2012,14,0.2646358879
main_month_median_spearman,Xiushui,修水,All,14,spearman,month_median,2013,1,0.1881351705
main_month_median_spearman,Xiushui,修水,All,14,spearman,month_median,2014,3,0.2058900358
main_month_median_spearman,Xiushui,修水,All,14,spearman,month_median,2015,7,0.2942347085
main_month_median_spearman,Xiushui,修水,All,14,spearman,month_median,2016,8,0.1649853624
main_month_median_spearman,Xiushui,修水,All,14,spearman,month_median,2017,5,0.1477926224
main_month_median_spearman,Xiushui,修水,All,14,spearman,month_median,2018,10,0.1471735429
main_month_median_spearman,Xiushui,修水,All,14,spearman,month_median,2019,8,0.1011822472
main_month_median_spearman,Xiushui,修水,Autumn,14,spearman,month_median,2006,0,0.1293090487
main_month_median_spearman,Xiushui,修水,Autumn,14,spearman,month_median,2007,14,0.02624879925
main_month_median_spearman,Xiushui,修水,Autumn,14,spearman,month_median,2008,13,0.2983777616
main_month_median_spearman,Xiushui,修水,Autumn,14,spearman,month_median,2009,3,0.2301578633
main_month_median_spearman,Xiushui,修水,Autumn,14,spearman,month_median,2010,15,0.3502281899
main_month_median_spearman,Xiushui,修水,Autumn,14,spearman,month_median,2011,0,0.2155010831
main_month_median_spearman,Xiushui,修水,Autumn,14,spearman,month_median,2012,14,0.2537460938
main_month_median_spearman,Xiushui,修水,Autumn,14,spearman,month_median,2013,9,0.08905311791
main_month_median_spearman,Xiushui,修水,Autumn,14,spearman,month_median,2014,14,0.4448754285
main_month_median_spearman,Xiushui,修水,Autumn,14,spearman,month_median,2015,7,0.4529339624
main_month_median_spearman,Xiushui,修水,Autumn,14,spearman,month_median,2016,0,0.2503397643
main_month_median_spearman,Xiushui,修水,Autumn,14,spearman,month_median,2017,3,0.1340761968
main_month_median_spearman,Xiushui,修水,Autumn,14,spearman,month_median,2018,0,0.2048431389
main_month_median_spearman,Xiushui,修水,Autumn,14,spearman,month_median,2019,0,0.07363805763
main_month_median_spearman,Xiushui,修水,Spring,14,spearman,month_median,2006,8,0.211122758
main_month_median_spearman,Xiushui,修水,Spring,14,spearman,month_median,2007,3,0.1526656545
main_month_median_spearman,Xiushui,修水,Spring,14,spearman,month_median,2008,0,0.2830833536
main_month_median_spearman,Xiushui,修水,Spring,14,spearman,month_median,2009,10,0.08326357535
main_month_median_spearman,Xiushui,修水,Spring,14,spearman,month_median,2010,6,0.503188172
main_month_median_spearman,Xiushui,修水,Spring,14,spearman,month_median,2011,14,0.1048453153
main_month_median_spearman,Xiushui,修水,Spring,14,spearman,month_median,2012,1,0.3591507703
main_month_median_spearman,Xiushui,修水,Spring,14,spearman,month_median,2013,8,0.3662056778
main_month_median_spearman,Xiushui,修水,Spring,14,spearman,month_median,2014,4,0.2353240433
main_month_median_spearman,Xiushui,修水,Spring,14,spearman,month_median,2015,7,0.3255448972
main_month_median_spearman,Xiushui,修水,Spring,14,spearman,month_median,2016,14,0.2930930524
main_month_median_spearman,Xiushui,修水,Spring,14,spearman,month_median,2017,7,0.3166305617
main_month_median_spearman,Xiushui,修水,Spring,14,spearman,month_median,2018,9,0.2033032581
main_month_median_spearman,Xiushui,修水,Spring,14,spearman,month_median,2019,9,0.1096505
main_month_median_spearman,Xiushui,修水,Summer,14,spearman,month_median,2006,14,0.3259406336
main_month_median_spearman,Xiushui,修水,Summer,14,spearman,month_median,2007,15,0.3380602764
main_month_median_spearman,Xiushui,修水,Summer,14,spearman,month_median,2008,6,0.1639497752
main_month_median_spearman,Xiushui,修水,Summer,14,spearman,month_median,2009,13,0.2017045611
main_month_median_spearman,Xiushui,修水,Summer,14,spearman,month_median,2010,2,0.2986051241
main_month_median_spearman,Xiushui,修水,Summer,14,spearman,month_median,2011,4,0.2222367143
main_month_median_spearman,Xiushui,修水,Summer,14,spearman,month_median,2012,14,0.3022811487
main_month_median_spearman,Xiushui,修水,Summer,14,spearman,month_median,2013,1,0.1655269687
main_month_median_spearman,Xiushui,修水,Summer,14,spearman,month_median,2014,7,0.4618412726
main_month_median_spearman,Xiushui,修水,Summer,14,spearman,month_median,2015,5,0.225956706
main_month_median_spearman,Xiushui,修水,Summer,14,spearman,month_median,2016,8,0.4383974461
main_month_median_spearman,Xiushui,修水,Summer,14,spearman,month_median,2017,1,0.3941038236
main_month_median_spearman,Xiushui,修水,Summer,14,spearman,month_median,2018,12,0.473125652
main_month_median_spearman,Xiushui,修水,Summer,14,spearman,month_median,2019,1,0.2648019787
main_month_median_spearman,Xiushui,修水,Winter,13,spearman,month_median,2007,15,0.3642099987
main_month_median_spearman,Xiushui,修水,Winter,13,spearman,month_median,2008,2,0.4889357131
main_month_median_spearman,Xiushui,修水,Winter,13,spearman,month_median,2009,6,0.09919618439
main_month_median_spearman,Xiushui,修水,Winter,13,spearman,month_median,2010,13,0.3322442625
main_month_median_spearman,Xiushui,修水,Winter,13,spearman,month_median,2011,3,0.3289839153
main_month_median_spearman,Xiushui,修水,Winter,13,spearman,month_median,2012,13,0.2733015994
main_month_median_spearman,Xiushui,修水,Winter,13,spearman,month_median,2013,13,0.1111591539
main_month_median_spearman,Xiushui,修水,Winter,13,spearman,month_median,2014,12,0.1165837452
main_month_median_spearman,Xiushui,修水,Winter,13,spearman,month_median,2015,7,0.3261217358
main_month_median_spearman,Xiushui,修水,Winter,13,spearman,month_median,2016,4,0.3852686826
main_month_median_spearman,Xiushui,修水,Winter,13,spearman,month_median,2017,0,0.4183322869
main_month_median_spearman,Xiushui,修水,Winter,13,spearman,month_median,2018,14,0.1914842141
main_month_median_spearman,Xiushui,修水,Winter,13,spearman,month_median,2019,7,0.2887557139
